ndpi_stat,1,2,3,0,0,0,0,0,0,0,0,W,0,0,0,0,0,0,0,0
router,3,3,5,0,0,0,0,0,0,0,0,W,0,0,0,0,0,0,0,0
payload_scan,4,4,6,0,0,0,0,0,0,0,0,W,0,0,0,0,0,0,0,0
bridge,5,5,7,0,0,0,0,0,0,0,0,W,0,0,0,0,0,0,0,0
ndpi_stat,1,2,3,0,0,0,0,0,0,0,0,W,0,0,0,0,0,0,0,0
firewall,2,1,4,27,0,27,0,0,0,0,0,W,0,0,0,0,0,0,0,0
router,3,3,5,0,0,0,0,0,0,0,0,W,0,0,0,0,0,0,0,0
payload_scan,4,4,6,0,0,0,0,0,0,0,0,W,0,0,0,0,0,0,0,0
bridge,5,5,7,0,0,0,0,0,0,0,0,W,0,0,0,0,0,0,0,0
ndpi_stat,1,2,3,283024,283024,283024,283024,0,283024,0,0,W,0,0,0,0,0,0,0,0
firewall,2,1,4,283017,283050,283050,283050,0,283050,0,0,W,0,70830,0,70830,0,0,0,0
router,3,3,5,283056,283056,283056,283056,0,283056,0,0,W,0,0,0,0,0,0,0,0
payload_scan,4,4,6,283061,283061,283061,283061,0,283061,0,0,W,0,0,0,0,0,0,0,0
bridge,5,5,7,283081,283078,283081,283078,283078,0,0,0,W,0,0,0,0,0,0,0,0
ndpi_stat,1,2,3,354943,354941,637993,637991,0,637991,0,0,W,0,0,0,0,0,0,0,0
firewall,2,1,4,354964,354964,638025,638025,0,638025,0,0,W,0,0,0,70830,0,0,0,0
router,3,3,5,354969,354978,638039,638039,0,638039,0,0,W,0,0,0,0,0,0,0,0
payload_scan,4,4,6,354967,354967,638048,638048,0,638048,0,0,W,0,0,0,0,0,0,0,0
bridge,5,5,7,354967,354967,638058,638058,638058,0,0,0,W,0,0,0,0,0,0,0,0
ndpi_stat,1,2,3,353515,353515,991540,991540,0,991540,0,0,W,0,0,0,0,0,0,0,0
firewall,2,1,4,353529,353529,991568,991568,0,991568,0,0,W,0,0,0,70830,0,0,0,0
router,3,3,5,353521,353521,991569,991569,0,991569,0,0,W,0,0,0,0,0,0,0,0
payload_scan,4,4,6,353503,353516,991574,991574,0,991574,0,0,W,0,0,0,0,0,0,0,0
bridge,5,5,7,353510,353510,991591,991591,991591,0,0,0,W,0,0,0,0,0,0,0,0
ndpi_stat,1,2,3,353955,353955,1345523,1345523,0,1345523,0,0,W,0,0,0,0,0,0,0,0
firewall,2,1,4,353986,353986,1345555,1345555,0,1345555,0,0,W,0,0,0,70830,0,0,0,0
router,3,3,5,353988,353991,1345565,1345565,0,1345565,0,0,W,0,0,0,0,0,0,0,0
payload_scan,4,4,6,353980,353977,1345571,1345568,0,1345571,0,0,W,0,0,0,0,0,0,0,0
bridge,5,5,7,353977,353977,1345575,1345575,1345575,0,0,0,W,0,0,0,0,0,0,0,0
ndpi_stat,1,2,3,354653,354653,1700208,1700208,0,1700208,0,0,W,0,0,0,0,0,0,0,0
firewall,2,1,4,354675,354675,1700240,1700240,0,1700240,0,0,W,0,0,0,70830,0,0,0,0
router,3,3,5,354671,354671,1700242,1700242,0,1700242,0,0,W,0,0,0,0,0,0,0,0
payload_scan,4,4,6,354684,354684,1700259,1700259,0,1700259,0,0,W,0,0,0,0,0,0,0,0
bridge,5,5,7,354689,354689,1700273,1700273,1700273,0,0,0,W,0,0,0,0,0,0,0,0
ndpi_stat,1,2,3,353003,353003,2053243,2053243,0,2053243,0,0,W,0,0,0,0,0,0,0,0
firewall,2,1,4,353021,353021,2053263,2053263,0,2053263,0,0,W,0,0,0,70830,0,0,0,0
router,3,3,5,353008,353008,2053267,2053267,0,2053267,0,0,W,0,0,0,0,0,0,0,0
payload_scan,4,4,6,353002,353000,2053275,2053273,0,2053273,0,0,W,0,0,0,0,0,0,0,0
bridge,5,5,7,352995,352995,2053281,2053281,2053281,0,0,0,W,0,0,0,0,0,0,0,0
ndpi_stat,1,2,3,867466,867466,2920729,2920729,0,2920729,0,0,W,0,0,0,0,0,0,0,0
firewall,2,1,4,867538,867539,2920809,2920809,0,2920809,0,0,W,0,0,0,70830,0,0,0,0
router,3,3,5,867590,867590,2920865,2920865,0,2920865,0,0,W,0,0,0,0,0,0,0,0
payload_scan,4,4,6,867632,867632,2920913,2920913,0,2920913,0,0,W,0,0,0,0,0,0,0,0
bridge,5,5,7,867674,867677,2920961,2920961,2920961,0,0,0,W,0,0,0,0,0,0,0,0
ndpi_stat,1,2,3,3301200,3301204,6222009,6222009,0,6222009,0,0,W,0,0,0,0,0,0,0,0
firewall,2,1,4,3301280,3301284,6222157,6222157,0,6222157,0,0,W,0,0,0,70830,0,0,0,0
router,3,3,5,3301300,3301300,6222213,6222213,0,6222213,0,0,W,0,0,0,0,0,0,0,0
payload_scan,4,4,6,3301272,3301272,6222233,6222233,0,6222233,0,0,W,0,0,0,0,0,0,0,0
bridge,5,5,7,3301292,3301292,6222305,6222305,6222305,0,0,0,W,0,0,0,0,0,0,0,0
ndpi_stat,1,2,3,3294900,3294900,9517057,9517057,0,9517057,0,0,W,0,0,0,0,0,0,0,0
firewall,2,1,4,3294940,3294936,9517153,9517149,0,9517149,0,0,W,0,0,0,70830,0,0,0,0
router,3,3,5,3295012,3295008,9517245,9517241,0,9517241,0,0,W,0,0,0,0,0,0,0,0
payload_scan,4,4,6,3294984,3294984,9517289,9517289,0,9517289,0,0,W,0,0,0,0,0,0,0,0
bridge,5,5,7,3294996,3295004,9517373,9517369,9517369,0,0,0,W,0,0,0,0,0,0,0,0
ndpi_stat,1,2,3,3298096,3298096,12815245,12815245,0,12815245,0,0,W,0,0,0,0,0,0,0,0
firewall,2,1,4,3298140,3298140,12815389,12815389,0,12815389,0,0,W,0,0,0,70830,0,0,0,0
router,3,3,5,3299868,3299872,12817165,12817161,0,12817161,0,0,W,0,0,0,0,0,0,0,0
payload_scan,4,4,6,3299876,3299876,12817249,12817249,0,12817249,0,0,W,0,0,0,0,0,0,0,0
bridge,5,5,7,3299864,3299864,12817289,12817289,12817289,0,0,0,W,0,0,0,0,0,0,0,0
ndpi_stat,1,2,3,3301896,3301896,16117285,16117285,0,16117285,0,0,W,0,0,0,0,0,0,0,0
firewall,2,1,4,3300308,3300312,16117477,16117477,0,16117477,0,0,W,0,0,0,70830,0,0,0,0
router,3,3,5,3300284,3300292,16117541,16117541,0,16117541,0,0,W,0,0,0,0,0,0,0,0
payload_scan,4,4,6,3300316,3300320,16117621,16117609,0,16117609,0,0,W,0,0,0,0,0,0,0,0
bridge,5,5,7,3300324,3300336,16117665,16117665,16117665,0,0,0,W,0,0,0,0,0,0,0,0
ndpi_stat,1,2,3,3302356,3302356,19419833,19419833,0,19419833,0,0,W,0,0,0,0,0,0,0,0
firewall,2,1,4,3302436,3302424,19419985,19419973,0,19419985,0,0,W,0,0,0,70830,0,0,0,0
router,3,3,5,3302440,3302444,19420065,19420065,0,19420065,0,0,W,0,0,0,0,0,0,0,0
payload_scan,4,4,6,3302452,3302452,19420117,19420117,0,19420117,0,0,W,0,0,0,0,0,0,0,0
bridge,5,5,7,3302472,3302468,19420173,19420169,19420169,0,0,0,W,0,0,0,0,0,0,0,0
ndpi_stat,1,2,3,3300348,3300348,22720321,22720321,0,22720321,0,0,W,0,0,0,0,0,0,0,0
firewall,2,1,4,3300428,3300424,22720501,22720497,0,22720501,0,0,W,0,0,0,70830,0,0,0,0
router,3,3,5,3300440,3300440,22720557,22720557,0,22720557,0,0,W,0,0,0,0,0,0,0,0
payload_scan,4,4,6,3300460,3300460,22720633,22720633,0,22720633,0,0,W,0,0,0,0,0,0,0,0
bridge,5,5,7,3300436,3300436,22720673,22720673,22720673,0,0,0,W,0,0,0,0,0,0,0,0
ndpi_stat,1,2,3,3302248,3302248,26022745,26022745,0,26022745,0,0,W,0,0,0,0,0,0,0,0
firewall,2,1,4,3302320,3302316,26022889,26022885,0,26022885,0,0,W,0,0,0,70830,0,0,0,0
router,3,3,5,3302320,3302304,26022953,26022937,0,26022950,0,0,W,0,0,0,0,0,0,0,0
payload_scan,4,4,6,3302372,3302376,26023049,26023049,0,26023049,0,0,W,0,0,0,0,0,0,0,0
bridge,5,5,7,3302392,3302388,26023109,26023097,26023097,0,0,0,W,0,0,0,0,0,0,0,0
ndpi_stat,1,2,3,3296556,3296584,29319441,29319441,0,29319441,0,0,W,0,0,0,0,0,0,0,0
firewall,2,1,4,3296596,3296604,29319577,29319577,0,29319577,0,0,W,0,0,0,70830,0,0,0,0
router,3,3,5,3296576,3296572,29319625,29319621,0,29319621,0,0,W,0,0,0,0,0,0,0,0
payload_scan,4,4,6,3296556,3296560,29319669,29319669,0,29319669,0,0,W,0,0,0,0,0,0,0,0
bridge,5,5,7,3296568,3296568,29319737,29319737,29319737,0,0,0,W,0,0,0,0,0,0,0,0
ndpi_stat,1,2,3,3295352,3295352,32614929,32614929,0,32614929,0,0,W,0,0,0,0,0,0,0,0
firewall,2,1,4,3295440,3295432,32615065,32615057,0,32615057,0,0,W,0,0,0,70830,0,0,0,0
router,3,3,5,3295476,3295476,32615145,32615145,0,32615145,0,0,W,0,0,0,0,0,0,0,0
payload_scan,4,4,6,3295424,3295424,32615161,32615161,0,32615161,0,0,W,0,0,0,0,0,0,0,0
bridge,5,5,7,3295456,3295444,32615249,32615237,32615249,0,0,0,W,0,0,0,0,0,0,0,0
ndpi_stat,1,2,3,3250384,3250376,35865441,35865433,0,35865441,0,0,W,0,0,0,0,0,0,0,0
firewall,2,1,4,3250424,3250428,35865573,35865573,0,35865573,0,0,W,0,0,0,70830,0,0,0,0
router,3,3,5,3250480,3250500,35865665,35865661,0,35865661,0,0,W,0,0,0,0,0,0,0,0
payload_scan,4,4,6,3250460,3250472,35865721,35865721,0,35865721,0,0,W,0,0,0,0,0,0,0,0
bridge,5,5,7,3250452,3250452,35865769,35865769,35865769,0,0,0,W,0,0,0,0,0,0,0,0
ndpi_stat,1,2,3,3155016,3155016,39020589,39020589,0,39020589,0,0,W,0,0,0,0,0,0,0,0
firewall,2,1,4,3154924,3154924,39020589,39020589,0,39020589,0,0,W,0,0,0,70830,0,0,0,0
router,3,3,5,3154868,3154868,39020589,39020589,0,39020589,0,0,W,0,0,0,0,0,0,0,0
payload_scan,4,4,6,3154804,3154820,39020589,39020589,0,39020589,0,0,W,0,0,0,0,0,0,0,0
bridge,5,5,7,3154740,3154744,39020589,39020589,39020589,0,0,0,W,0,0,0,0,0,0,0,0
ndpi_stat,1,2,3,3158672,3158672,42179261,42179261,0,42179261,0,0,W,0,0,0,0,0,0,0,0
firewall,2,1,4,3158836,3158836,42179425,42179425,0,42179425,0,0,W,0,0,0,70830,0,0,0,0
router,3,3,5,3158892,3158892,42179481,42179481,0,42179481,0,0,W,0,0,0,0,0,0,0,0
payload_scan,4,4,6,3158964,3158964,42179553,42179553,0,42179553,0,0,W,0,0,0,0,0,0,0,0
bridge,5,5,7,3159032,3159024,42179621,42179613,42179613,0,0,0,W,0,0,0,0,0,0,0,0
ndpi_stat,1,2,3,3078538,3062167,45257963,45241580,0,45241580,0,0,W,0,71331,0,71331,0,0,0,0
firewall,2,1,4,3149993,3078478,45329478,45257963,0,45329478,0,0,W,0,0,71506,70830,71506,0,0,0
router,3,3,5,3062019,3062027,45241580,45241580,0,45241580,0,0,W,0,0,0,0,0,0,0,0
payload_scan,4,4,6,3061959,3061959,45241580,45241580,0,45241580,0,0,W,0,0,0,0,0,0,0,0
bridge,5,5,7,3061903,3061903,45241580,45241580,45241580,0,0,0,W,0,0,0,0,0,0,0,0
ndpi_stat,1,2,3,718191,719945,45976154,45961525,0,45961525,0,0,W,0,1738899,0,1810230,0,0,0,0
firewall,2,1,4,2455755,718191,47786384,45976154,0,47786384,0,0,W,0,0,1738724,70830,1810230,0,0,0
router,3,3,5,719945,719945,45961525,45961525,0,45961525,0,0,W,0,0,0,0,0,0,0,0
payload_scan,4,4,6,719945,393192,45961525,45634772,0,45961525,0,0,W,0,0,326753,0,326753,0,0,0
bridge,5,5,7,393192,376809,45634772,45618389,45618389,0,0,0,W,0,326753,0,326753,0,0,0,0
ndpi_stat,1,2,3,720677,724100,46696831,46685625,0,46685625,0,0,W,0,1788343,0,3598573,0,0,0,0
firewall,2,1,4,2509086,720743,50295470,46696897,0,50295470,0,0,W,0,0,1788343,70830,3598573,0,0,0
router,3,3,5,724100,724100,46685625,46685625,0,46685625,0,0,W,0,0,0,0,0,0,0,0
payload_scan,4,4,6,724100,409575,46685625,46044347,0,46685625,0,0,W,0,0,314525,0,641278,0,0,0
bridge,5,5,7,409575,409575,46044347,46027964,46027964,0,0,0,W,0,314525,0,641278,0,0,0,0
ndpi_stat,1,2,3,712973,724238,47409870,47409863,0,47409869,0,0,W,0,1925914,0,5524487,0,0,0,0
firewall,2,1,4,2638905,712994,52934425,47409937,0,52934424,0,0,W,0,0,1925914,70830,5524487,0,0,0
router,3,3,5,724371,724369,47409996,47409994,0,47409996,0,0,W,0,0,0,0,0,0,0,0
payload_scan,4,4,6,724402,409575,47410027,46453922,0,47410027,0,0,W,0,0,314827,0,956105,0,0,0
bridge,5,5,7,409575,409575,46453922,46437539,46437539,0,0,0,W,0,314876,0,956154,0,0,0,0
ndpi_stat,1,2,3,711413,695018,48121350,48104955,0,48104955,0,0,W,0,2410758,0,7935245,0,0,0,0
firewall,2,1,4,3122240,711354,56056725,48121350,0,56056709,0,0,W,0,0,2410872,70830,7935359,0,0,0
router,3,3,5,694921,694928,48104955,48104955,0,48104955,0,0,W,0,0,0,0,0,0,0,0
payload_scan,4,4,6,694879,393192,48104955,46847114,0,48104955,0,0,W,0,0,301736,0,1257841,0,0,0
bridge,5,5,7,393192,409575,46847114,46847114,46847114,0,0,0,W,0,301687,0,1257841,0,0,0,0
ndpi_stat,1,2,3,705049,705061,48826399,48810016,0,48810016,0,0,W,0,2443113,0,10378358,0,0,0,0
firewall,2,1,4,3148092,705049,59204873,48826399,0,59204873,0,0,W,0,0,2443115,70830,10378474,0,0,0
router,3,3,5,705061,705061,48810016,48810016,0,48810016,0,0,W,0,0,0,0,0,0,0,0
payload_scan,4,4,6,705061,641838,48810016,47488952,0,48810016,0,0,W,0,0,63223,0,1321064,0,0,0
bridge,5,5,7,641838,641838,47488952,47488952,47488952,0,0,0,W,0,63223,0,1321064,0,0,0,0
ndpi_stat,1,2,3,704016,704016,49530415,49514032,0,49514032,0,0,W,0,2440476,0,12818834,0,0,0,0
firewall,2,1,4,3144433,704016,62349377,49530415,0,62349372,0,0,W,0,0,2440483,70830,12818957,0,0,0
router,3,3,5,704016,704016,49514032,49514032,0,49514032,0,0,W,0,0,0,0,0,0,0,0
payload_scan,4,4,6,704016,704016,49514032,48192968,0,49514032,0,0,W,0,0,0,0,1321064,0,0,0
bridge,5,5,7,704016,704016,48192968,48192968,48192968,0,0,0,W,0,0,0,1321064,0,0,0,0
ndpi_stat,1,2,3,290030,289998,49820445,49804030,0,49804030,0,0,W,0,2499222,0,15318056,0,0,0,0
firewall,2,1,4,2789129,290030,65138558,49820445,0,65138558,0,0,W,0,0,2499156,70830,15318113,0,0,0
router,3,3,5,289998,289998,49804030,49804030,0,49804030,0,0,W,0,0,0,0,0,0,0,0
payload_scan,4,4,6,289998,289998,49804030,48482966,0,49804030,0,0,W,0,0,0,0,1321064,0,0,0
bridge,5,5,7,289998,289966,48482966,48482934,48482934,0,0,0,W,0,0,0,1321064,0,0,0,0
ndpi_stat,1,2,3,525989,526020,50346434,50330050,0,50330050,0,0,W,0,1270671,0,16588727,0,0,0,0
firewall,2,1,4,1796633,525989,66935223,50346434,0,66935223,0,0,W,0,0,1270676,70830,16588789,0,0,0
router,3,3,5,526020,526020,50330050,50330050,0,50330050,0,0,W,0,0,0,0,0,0,0,0
payload_scan,4,4,6,526020,526020,50330050,49008986,0,50330050,0,0,W,0,0,0,0,1321064,0,0,0
bridge,5,5,7,526020,526049,49008986,49008983,49008983,0,0,0,W,0,0,0,1321064,0,0,0,0
ndpi_stat,1,2,3,588434,588435,50934868,50918485,0,50918485,0,0,W,0,1210011,0,17798738,0,0,0,0
firewall,2,1,4,1798405,588434,68733650,50934868,0,68733650,0,0,W,0,0,1209990,70830,17798779,0,0,0
router,3,3,5,588435,588435,50918485,50918485,0,50918485,0,0,W,0,0,0,0,0,0,0,0
payload_scan,4,4,6,588435,552320,50918485,49561306,0,50918485,0,0,W,0,0,36115,0,1357179,0,0,0
bridge,5,5,7,552320,552323,49561306,49561306,49561306,0,0,0,W,0,36115,0,1357179,0,0,0,0
ndpi_stat,1,2,3,612656,616243,51547524,51534728,0,51534728,0,0,W,0,1182453,0,18981191,0,0,0,0
firewall,2,1,4,1794568,612703,70528762,51547571,0,70528762,0,0,W,0,0,1182412,70830,18981191,0,0,0
router,3,3,5,616243,616243,51534728,51534728,0,51534728,0,0,W,0,0,0,0,0,0,0,0
payload_scan,4,4,6,616243,425962,51534728,49987268,0,51534728,0,0,W,0,0,190281,0,1547460,0,0,0
bridge,5,5,7,425962,425962,49987268,49987268,49987268,0,0,0,W,0,190281,0,1547460,0,0,0,0
ndpi_stat,1,2,3,1794741,1807582,53342312,53342310,0,53342310,0,0,W,0,0,0,18981191,0,0,0,0
firewall,2,1,4,1794781,1794788,72323586,53342395,0,72323586,0,0,W,0,0,0,70830,18981191,0,0,0
router,3,3,5,1807716,1807716,53342444,53342444,0,53342444,0,0,W,0,0,0,0,0,0,0,0
payload_scan,4,4,6,1807750,1807747,53342478,51795015,0,53342475,0,0,W,0,0,0,0,1547460,0,0,0
bridge,5,5,7,1807793,1807793,51795061,51795061,51795061,0,0,0,W,0,0,0,1547460,0,0,0,0
ndpi_stat,1,2,3,1791832,1791832,55134227,55134227,0,55134227,0,0,W,0,0,0,18981191,0,0,0,0
firewall,2,1,4,1791830,1791830,74115466,55134275,0,74115466,0,0,W,0,0,0,70830,18981191,0,0,0
router,3,3,5,1791834,1791832,55134312,55134310,0,55134310,0,0,W,0,0,0,0,0,0,0,0
payload_scan,4,4,6,1791804,1791811,55134332,53586872,0,55134332,0,0,W,0,0,0,0,1547460,0,0,0
bridge,5,5,7,1791811,1791811,53586905,53586905,53586905,0,0,0,W,0,0,0,1547460,0,0,0,0
ndpi_stat,1,2,3,1791650,1791650,56925925,56925925,0,56925925,0,0,W,0,0,0,18981191,0,0,0,0
firewall,2,1,4,1791679,1791675,75907182,56925987,0,75907182,0,0,W,0,0,0,70830,18981191,0,0,0
router,3,3,5,1791680,1791680,56926012,56926012,0,56926012,0,0,W,0,0,0,0,0,0,0,0
payload_scan,4,4,6,1791686,1791683,56926051,55378588,0,56926048,0,0,W,0,0,0,0,1547460,0,0,0
bridge,5,5,7,1791680,1791680,55378624,55378624,55378624,0,0,0,W,0,0,0,1547460,0,0,0,0
ndpi_stat,1,2,3,1794805,1794805,58720792,58720792,0,58720792,0,0,W,0,0,0,18981191,0,0,0,0
firewall,2,1,4,1794842,1794845,77702048,58720857,0,77702048,0,0,W,0,0,0,70830,18981191,0,0,0
router,3,3,5,1794837,1794838,58720889,58720889,0,58720889,0,0,W,0,0,0,0,0,0,0,0
payload_scan,4,4,6,1794838,1794827,58720922,57173451,0,58720922,0,0,W,0,0,0,0,1547460,0,0,0
bridge,5,5,7,1794845,1794850,57173493,57173493,57173493,0,0,0,W,0,0,0,1547460,0,0,0,0
ndpi_stat,1,2,3,1789314,1789314,60510171,60510169,0,60510169,0,0,W,0,0,0,18981191,0,0,0,0
firewall,2,1,4,1789343,1789341,79491423,60510230,0,79491423,0,0,W,0,0,0,70830,18981191,0,0,0
router,3,3,5,1789330,1789325,60510252,60510247,0,60510247,0,0,W,0,0,0,0,0,0,0,0
payload_scan,4,4,6,1789323,1789323,60510276,58962816,0,60510276,0,0,W,0,0,0,0,1547460,0,0,0
bridge,5,5,7,1789312,1789312,58962838,58962838,58962838,0,0,0,W,0,0,0,1547460,0,0,0,0
ndpi_stat,1,2,3,1794205,1794205,62304435,62304435,0,62304435,0,0,W,0,0,0,18981191,0,0,0,0
firewall,2,1,4,1794266,1794267,81285710,62304519,0,81285710,0,0,W,0,0,0,70830,18981191,0,0,0
router,3,3,5,1794278,1794278,62304554,62304554,0,62304554,0,0,W,0,0,0,0,0,0,0,0
payload_scan,4,4,6,1794287,1794289,62304587,60757127,0,62304587,0,0,W,0,0,0,0,1547460,0,0,0
bridge,5,5,7,1794278,1794291,60757154,60757154,60757154,0,0,0,W,0,0,0,1547460,0,0,0,0
ndpi_stat,1,2,3,1816509,1816512,64121028,64121028,0,64121028,0,0,W,0,0,0,18981191,0,0,0,0
firewall,2,1,4,1816609,1816609,83102354,64121163,0,83102354,0,0,W,0,0,0,70830,18981191,0,0,0
router,3,3,5,1816615,1816615,64121202,64121202,0,64121202,0,0,W,0,0,0,0,0,0,0,0
payload_scan,4,4,6,1816615,1816618,64121232,62573772,0,64121232,0,0,W,0,0,0,0,1547460,0,0,0
bridge,5,5,7,1816678,1816678,62573862,62573862,62573862,0,0,0,W,0,0,0,1547460,0,0,0,0
ndpi_stat,1,2,3,1886126,1886126,66007289,66007289,0,66007289,0,0,W,0,0,0,18981191,0,0,0,0
firewall,2,1,4,1886200,1886192,84988601,66007402,0,84988593,0,0,W,0,0,0,70830,18981191,0,0,0
router,3,3,5,1886306,1886306,66007538,66007538,0,66007538,0,0,W,0,0,0,0,0,0,0,0
payload_scan,4,4,6,1886235,1886240,66007562,64460102,0,66007562,0,0,W,0,0,0,0,1547460,0,0,0
bridge,5,5,7,1887432,1887425,64461346,64461339,64461339,0,0,0,W,0,0,0,1547460,0,0,0,0
ndpi_stat,1,2,3,1888228,1888228,67895630,67895630,0,67895630,0,0,W,0,0,0,18981191,0,0,0,0
firewall,2,1,4,1888184,1888184,86876913,67895722,0,86876913,0,0,W,0,0,0,70830,18981191,0,0,0
router,3,3,5,1888203,1888203,67895765,67895765,0,67895765,0,0,W,0,0,0,0,0,0,0,0
payload_scan,4,4,6,1886968,1886972,67895778,66348318,0,67895778,0,0,W,0,0,0,0,1547460,0,0,0
bridge,5,5,7,1886972,1886972,66348357,66348357,66348357,0,0,0,W,0,0,0,1547460,0,0,0,0
ndpi_stat,1,2,3,1885260,1885260,69780982,69780982,0,69780982,0,0,W,0,0,0,18981191,0,0,0,0
firewall,2,1,4,1885341,1885341,88762297,69781106,0,88762297,0,0,W,0,0,0,70830,18981191,0,0,0
router,3,3,5,1885361,1885361,69781139,69781139,0,69781139,0,0,W,0,0,0,0,0,0,0,0
payload_scan,4,4,6,1885353,1885352,69781170,68233709,0,69781169,0,0,W,0,0,0,0,1547460,0,0,0
bridge,5,5,7,1885356,1885358,68233736,68233736,68233736,0,0,0,W,0,0,0,1547460,0,0,0,0
ndpi_stat,1,2,3,1887130,1887130,71668236,71668236,0,71668236,0,0,W,0,0,0,18981191,0,0,0,0
firewall,2,1,4,1887137,1887126,90649481,71668279,0,90649470,0,0,W,0,0,0,70830,18981191,0,0,0
router,3,3,5,1887181,1887181,71668351,71668351,0,71668351,0,0,W,0,0,0,0,0,0,0,0
payload_scan,4,4,6,1887185,1887184,71668381,70120920,0,71668380,0,0,W,0,0,0,0,1547460,0,0,0
bridge,5,5,7,1887167,1887167,70120936,70120936,70120936,0,0,0,W,0,0,0,1547460,0,0,0,0
ndpi_stat,1,2,3,1887171,1887171,73555450,73555450,0,73555450,0,0,W,0,0,0,18981191,0,0,0,0
firewall,2,1,4,1887173,1887173,92536722,73555531,0,92536722,0,0,W,0,0,0,70830,18981191,0,0,0
router,3,3,5,1887188,1887189,73555569,73555569,0,73555569,0,0,W,0,0,0,0,0,0,0,0
payload_scan,4,4,6,1887199,1887199,73555595,72008135,0,73555595,0,0,W,0,0,0,0,1547460,0,0,0
bridge,5,5,7,1887206,1887204,72008168,72008166,72008168,0,0,0,W,0,0,0,1547460,0,0,0,0
ndpi_stat,1,2,3,1885984,1885984,75441515,75441515,0,75441515,0,0,W,0,0,0,18981191,0,0,0,0
firewall,2,1,4,1886084,1886084,94422846,75441655,0,94422846,0,0,W,0,0,0,70830,18981191,0,0,0
router,3,3,5,1886115,1886118,75441713,75441713,0,75441713,0,0,W,0,0,0,0,0,0,0,0
payload_scan,4,4,6,1886120,1886120,75441748,73894288,0,75441748,0,0,W,0,0,0,0,1547460,0,0,0
bridge,5,5,7,1886128,1886131,73894322,73894322,73894322,0,0,0,W,0,0,0,1547460,0,0,0,0
ndpi_stat,1,2,3,1887588,1887588,77329243,77329243,0,77329243,0,0,W,0,0,0,18981191,0,0,0,0
firewall,2,1,4,1887667,1887667,96310571,77329380,0,96310571,0,0,W,0,0,0,70830,18981191,0,0,0
router,3,3,5,1887682,1887682,77329430,77329430,0,77329430,0,0,W,0,0,0,0,0,0,0,0
payload_scan,4,4,6,1887686,1887686,77329468,75782008,0,77329468,0,0,W,0,0,0,0,1547460,0,0,0
bridge,5,5,7,1887684,1887684,75782043,75782043,75782043,0,0,0,W,0,0,0,1547460,0,0,0,0
ndpi_stat,1,2,3,1886020,1886020,79215400,79215400,0,79215400,0,0,W,0,0,0,18981191,0,0,0,0
firewall,2,1,4,1886132,1886135,98196761,79215570,0,98196761,0,0,W,0,0,0,70830,18981191,0,0,0
router,3,3,5,1886148,1886150,79215620,79215618,0,79215618,0,0,W,0,0,0,0,0,0,0,0
payload_scan,4,4,6,1886150,1886150,79215653,77668193,0,79215653,0,0,W,0,0,0,0,1547460,0,0,0
bridge,5,5,7,1886171,1886171,77668244,77668244,77668244,0,0,0,W,0,0,0,1547460,0,0,0,0
ndpi_stat,1,2,3,1885336,1885332,81100906,81100902,0,81100902,0,0,W,0,0,0,18981191,0,0,0,0
firewall,2,1,4,1885385,1885385,100082196,81101005,0,100082196,0,0,W,0,0,0,70830,18981191,0,0,0
router,3,3,5,1885384,1885381,81101040,81101034,0,81101034,0,0,W,0,0,0,0,0,0,0,0
payload_scan,4,4,6,1885359,1885359,81101063,79553603,0,81101063,0,0,W,0,0,0,0,1547460,0,0,0
bridge,5,5,7,1885370,1885370,79553645,79553645,79553645,0,0,0,W,0,0,0,1547460,0,0,0,0
ndpi_stat,1,2,3,2190269,2190272,83291274,83291274,0,83291274,0,0,W,0,0,0,18981191,0,0,0,0
firewall,2,1,4,2190390,2190390,102272621,83291430,0,102272621,0,0,W,0,0,0,70830,18981191,0,0,0
router,3,3,5,2190431,2190433,83291496,83291496,0,83291496,0,0,W,0,0,0,0,0,0,0,0
payload_scan,4,4,6,2190421,2190421,83291526,81744066,0,83291526,0,0,W,0,0,0,0,1547460,0,0,0
bridge,5,5,7,2190461,2190461,81744135,81744135,81744135,0,0,0,W,0,0,0,1547460,0,0,0,0
ndpi_stat,1,2,3,3008132,3008132,86299562,86299562,0,86299562,0,0,W,0,0,0,18981191,0,0,0,0
firewall,2,1,4,3008194,3008194,105280881,86299690,0,105280881,0,0,W,0,0,0,70830,18981191,0,0,0
router,3,3,5,3008209,3008211,86299737,86299737,0,86299737,0,0,W,0,0,0,0,0,0,0,0
payload_scan,4,4,6,3008181,3008181,86299776,84752316,0,86299776,0,0,W,0,0,0,0,1547460,0,0,0
bridge,5,5,7,3007372,3007372,84752390,84752390,84752390,0,0,0,W,0,0,0,1547460,0,0,0,0
ndpi_stat,1,2,3,3006064,3006064,89305754,89305754,0,89305754,0,0,W,0,0,0,18981191,0,0,0,0
firewall,2,1,4,3006297,3006117,108287225,89305854,0,108287045,0,0,W,0,0,0,70830,18981191,0,0,0
router,3,3,5,3006074,3006078,89305854,89305854,0,89305854,0,0,W,0,0,0,0,0,0,0,0
payload_scan,4,4,6,3006004,3006004,89305854,87758394,0,89305854,0,0,W,0,0,0,0,1547460,0,0,0
bridge,5,5,7,3005940,3005940,87758394,87758394,87758394,0,0,0,W,0,0,0,1547460,0,0,0,0
ndpi_stat,1,2,3,3011736,3011736,92317590,92317590,0,92317590,0,0,W,0,0,0,18981191,0,0,0,0
firewall,2,1,4,3011684,3011920,111298977,92317774,0,111298977,0,0,W,0,0,0,70830,18981191,0,0,0
router,3,3,5,3012008,3012008,92317862,92317862,0,92317862,0,0,W,0,0,0,0,0,0,0,0
payload_scan,4,4,6,3012076,3012064,92317930,90770458,0,92317926,0,0,W,0,0,0,0,1547460,0,0,0
bridge,5,5,7,3012136,3012132,90770530,90770526,90770530,0,0,0,W,0,0,0,1547460,0,0,0,0
ndpi_stat,1,2,3,3004592,3004592,95322366,95322366,0,95322366,0,0,W,0,0,0,18981191,0,0,0,0
firewall,2,1,4,3004632,3004632,114303693,95322502,0,114303693,0,0,W,0,0,0,70830,18981191,0,0,0
router,3,3,5,3004620,3004624,95322550,95322550,0,95322550,0,0,W,0,0,0,0,0,0,0,0
payload_scan,4,4,6,3004600,3004593,95322590,93775123,0,95322583,0,0,W,0,0,0,0,1547460,0,0,0
bridge,5,5,7,3004622,3004622,93775184,93775184,93775184,0,0,0,W,0,0,0,1547460,0,0,0,0
ndpi_stat,1,2,3,3010268,3010264,98332770,98332766,0,98332766,0,0,W,0,0,0,18981191,0,0,0,0
firewall,2,1,4,3010368,3010368,117314117,98332926,0,117314117,0,0,W,0,0,0,70830,18981191,0,0,0
router,3,3,5,3010418,3010420,98333010,98333010,0,98333010,0,0,W,0,0,0,0,0,0,0,0
payload_scan,4,4,6,3010427,3010421,98333071,96785605,0,98333065,0,0,W,0,0,0,0,1547460,0,0,0
bridge,5,5,7,3010456,3010456,96785679,96785679,96785679,0,0,0,W,0,0,0,1547460,0,0,0,0
ndpi_stat,1,2,3,3010148,3010148,101343074,101343062,0,101343062,0,0,W,0,0,0,18981191,0,0,0,0
firewall,2,1,4,3010200,3010208,120324409,101343218,0,120324409,0,0,W,0,0,0,70830,18981191,0,0,0
router,3,3,5,3010206,3010200,101343277,101343271,0,101343271,0,0,W,0,0,0,0,0,0,0,0
payload_scan,4,4,6,3010175,3010171,101343314,99795850,0,101343310,0,0,W,0,0,0,0,1547460,0,0,0
bridge,5,5,7,3010185,3010185,99795902,99795902,99795902,0,0,0,W,0,0,0,1547460,0,0,0,0
ndpi_stat,1,2,3,3007660,3007664,104350878,104350874,0,104350874,0,0,W,0,0,0,18981191,0,0,0,0
firewall,2,1,4,3007756,3007753,123332225,104351030,0,123332225,0,0,W,0,0,0,70830,18981191,0,0,0
router,3,3,5,3007808,3007804,104351122,104351114,0,104351114,0,0,W,0,0,0,0,0,0,0,0
payload_scan,4,4,6,3007824,3007818,104351186,102803720,0,104351180,0,0,W,0,0,0,0,1547460,0,0,0
bridge,5,5,7,3007807,3007807,102803760,102803760,102803760,0,0,0,W,0,0,0,1547460,0,0,0,0
ndpi_stat,1,2,3,3007672,3007676,107358702,107358694,0,107358694,0,0,W,0,0,0,18981191,0,0,0,0
firewall,2,1,4,3007696,3007696,126340021,107358830,0,126340021,0,0,W,0,0,0,70830,18981191,0,0,0
router,3,3,5,3007696,3007696,107358882,107358882,0,107358882,0,0,W,0,0,0,0,0,0,0,0
payload_scan,4,4,6,3007718,3007718,107358938,105811478,0,107358938,0,0,W,0,0,0,0,1547460,0,0,0
bridge,5,5,7,3007748,3007748,105811542,105811542,105811542,0,0,0,W,0,0,0,1547460,0,0,0,0
ndpi_stat,1,2,3,3008484,3008488,110367314,110367314,0,110367314,0,0,W,0,0,0,18981191,0,0,0,0
firewall,2,1,4,3008551,3008561,129348636,110367443,0,129348634,0,0,W,0,0,0,70830,18981191,0,0,0
router,3,3,5,3008543,3008545,110367485,110367483,0,110367483,0,0,W,0,0,0,0,0,0,0,0
payload_scan,4,4,6,3008504,3008516,110367518,108820058,0,110367518,0,0,W,0,0,0,0,1547460,0,0,0
bridge,5,5,7,3008492,3008486,108820099,108820093,108820093,0,0,0,W,0,0,0,1547460,0,0,0,0
ndpi_stat,1,2,3,2576835,2576844,112944278,112944278,0,112944278,0,0,W,0,0,0,18981191,0,0,0,0
firewall,2,1,4,2577726,2577727,131926406,112945212,0,131926403,0,0,W,0,0,0,70830,18981191,0,0,0
router,3,3,5,2577735,2577737,112945255,112945255,0,112945255,0,0,W,0,0,0,0,0,0,0,0
payload_scan,4,4,6,2577703,2577703,112945262,111397802,0,112945262,0,0,W,0,0,0,0,1547460,0,0,0
bridge,5,5,7,2577672,2577678,111397812,111397812,111397812,0,0,0,W,0,0,0,1547460,0,0,0,0
ndpi_stat,1,2,3,1472113,1472119,114417325,114417325,0,114417325,0,0,W,0,0,0,18981191,0,0,0,0
firewall,2,1,4,1472155,1472156,133398602,114417411,0,133398602,0,0,W,0,0,0,70830,18981191,0,0,0
router,3,3,5,1472201,1472201,114417463,114417463,0,114417463,0,0,W,0,0,0,0,0,0,0,0
payload_scan,4,4,6,1472215,1472215,114417487,112870027,0,114417487,0,0,W,0,0,0,0,1547460,0,0,0
bridge,5,5,7,1472248,1472250,112870071,112870070,112870070,0,0,0,W,0,0,0,1547460,0,0,0,0
ndpi_stat,1,2,3,1405576,1389193,115822987,115806604,0,115806604,0,0,W,0,73537,0,19054728,0,0,0,0
firewall,2,1,4,1479170,1405524,134877824,115822987,0,134877824,0,0,W,0,0,73646,70830,19054837,0,0,0
router,3,3,5,1389114,1389117,115806604,115806604,0,115806604,0,0,W,0,0,0,0,0,0,0,0
payload_scan,4,4,6,1389073,1389073,115806604,114259144,0,115806604,0,0,W,0,0,0,0,1547460,0,0,0
bridge,5,5,7,1389052,1389052,114259144,114259144,114259144,0,0,0,W,0,0,0,1547460,0,0,0,0
ndpi_stat,1,2,3,478460,478460,116301447,116285064,0,116285064,0,0,W,0,1001356,0,20056084,0,0,0,0
firewall,2,1,4,1479694,478460,136357565,116301447,0,136357565,0,0,W,0,0,1001281,70830,20056118,0,0,0
router,3,3,5,478460,478460,116285064,116285064,0,116285064,0,0,W,0,0,0,0,0,0,0,0
payload_scan,4,4,6,478460,478460,116285064,114737604,0,116285064,0,0,W,0,0,0,0,1547460,0,0,0
bridge,5,5,7,478460,478460,114737604,114737604,114737604,0,0,0,W,0,0,0,1547460,0,0,0,0
ndpi_stat,1,2,3,558768,558768,116860215,116843832,0,116843832,0,0,W,0,923785,0,20979869,0,0,0,0
firewall,2,1,4,1482540,558768,137840130,116860215,0,137840130,0,0,W,0,0,923797,70830,20979915,0,0,0
router,3,3,5,558768,558768,116843832,116843832,0,116843832,0,0,W,0,0,0,0,0,0,0,0
payload_scan,4,4,6,558768,558768,116843832,115296372,0,116843832,0,0,W,0,0,0,0,1547460,0,0,0
bridge,5,5,7,558768,558768,115296372,115296372,115296372,0,0,0,W,0,0,0,1547460,0,0,0,0
ndpi_stat,1,2,3,558770,558769,117418985,117402601,0,117402601,0,0,W,0,923897,0,21903766,0,0,0,0
firewall,2,1,4,1482633,558770,139322783,117418985,0,139322783,0,0,W,0,0,923883,70830,21903798,0,0,0
router,3,3,5,558769,558769,117402601,117402601,0,117402601,0,0,W,0,0,0,0,0,0,0,0
payload_scan,4,4,6,558769,529208,117402601,115825580,0,117402601,0,0,W,0,0,29561,0,1577021,0,0,0
bridge,5,5,7,529208,529208,115825580,115825580,115825580,0,0,0,W,0,29561,0,1577021,0,0,0,0
ndpi_stat,1,2,3,554685,556395,117973670,117958996,0,117958997,0,0,W,0,801428,0,22705194,0,0,0,0
firewall,2,1,4,1356050,554685,140678864,117973670,0,140678864,0,0,W,0,0,801396,70830,22705194,0,0,0
router,3,3,5,556395,556395,117958996,117958996,0,117958996,0,0,W,0,0,0,0,0,0,0,0
payload_scan,4,4,6,556395,409583,117958996,116235163,0,117958996,0,0,W,0,0,146812,0,1723833,0,0,0
bridge,5,5,7,409583,393200,116235163,116218780,116218780,0,0,0,W,0,146812,0,1723833,0,0,0,0
ndpi_stat,1,2,3,559872,558163,118533542,118517159,0,118517159,0,0,W,0,405899,0,23111093,0,0,0,0
firewall,2,1,4,965817,559872,141644681,118533542,0,141644681,0,0,W,0,0,405945,70830,23111139,0,0,0
router,3,3,5,558163,558163,118517159,118517159,0,118517159,0,0,W,0,0,0,0,0,0,0,0
payload_scan,4,4,6,558163,405190,118517159,116640353,0,118517159,0,0,W,0,0,152973,0,1876806,0,0,0
bridge,5,5,7,405190,421573,116640353,116640353,116640353,0,0,0,W,0,152973,0,1876806,0,0,0,0
ndpi_stat,1,2,3,557856,557856,119091398,119075015,0,119075015,0,0,W,0,926008,0,24037101,0,0,0,0
firewall,2,1,4,1483837,557856,143128543,119091398,0,143128543,0,0,W,0,0,926006,70830,24037145,0,0,0
router,3,3,5,557856,557856,119075015,119075015,0,119075015,0,0,W,0,0,0,0,0,0,0,0
payload_scan,4,4,6,557856,557856,119075015,117198209,0,119075015,0,0,W,0,0,0,0,1876806,0,0,0
bridge,5,5,7,557856,557856,117198209,117198209,117198209,0,0,0,W,0,0,0,1876806,0,0,0,0
ndpi_stat,1,2,3,555555,557237,119646953,119632252,0,119632252,0,0,W,0,798138,0,24835239,0,0,0,0
firewall,2,1,4,1353624,555555,144482192,119646953,0,144482192,0,0,W,0,0,798094,70830,24835239,0,0,0
router,3,3,5,557237,557237,119632252,119632252,0,119632252,0,0,W,0,0,0,0,0,0,0,0
payload_scan,4,4,6,557237,463364,119632252,117661573,0,119632252,0,0,W,0,0,93873,0,1970679,0,0,0
bridge,5,5,7,463364,446981,117661573,117645190,117645190,0,0,0,W,0,93873,0,1970679,0,0,0,0
ndpi_stat,1,2,3,546393,544711,120193346,120176963,0,120176963,0,0,W,0,369253,0,25204492,0,0,0,0
firewall,2,1,4,915672,546393,145397864,120193346,0,145397864,0,0,W,0,0,369279,70830,25204518,0,0,0
router,3,3,5,544711,544711,120176963,120176963,0,120176963,0,0,W,0,0,0,0,0,0,0,0
payload_scan,4,4,6,544711,430157,120176963,118091730,0,120176963,0,0,W,0,0,114554,0,2085233,0,0,0
bridge,5,5,7,430157,446540,118091730,118091730,118091730,0,0,0,W,0,114554,0,2085233,0,0,0,0
ndpi_stat,1,2,3,316463,316431,120509809,120493394,0,120493394,0,0,W,0,717584,0,25922076,0,0,0,0
firewall,2,1,4,1034069,316463,146431961,120509809,0,146431961,0,0,W,0,0,717634,70830,25922152,0,0,0
router,3,3,5,316431,316431,120493394,120493394,0,120493394,0,0,W,0,0,0,0,0,0,0,0
payload_scan,4,4,6,316431,316431,120493394,118408161,0,120493394,0,0,W,0,0,0,0,2085233,0,0,0
bridge,5,5,7,316431,308815,118408161,118400545,118400545,0,0,0,W,0,0,0,2085233,0,0,0,0
ndpi_stat,1,2,3,543120,559535,121052929,121052929,0,121052929,0,0,W,0,227041,0,26149117,0,0,0,0
firewall,2,1,4,770061,543139,147202065,121052948,0,147202065,0,0,W,0,0,226965,70830,26149117,0,0,0
router,3,3,5,559564,559564,121052958,121052958,0,121052958,0,0,W,0,0,0,0,0,0,0,0
payload_scan,4,4,6,559582,464463,121052976,118872624,0,121052976,0,0,W,0,0,95119,0,2180352,0,0,0
bridge,5,5,7,464482,472066,118872643,118872643,118872643,0,0,0,W,0,95119,0,2180352,0,0,0,0
ndpi_stat,1,2,3,1038528,1038528,122091476,122091476,0,122091476,0,0,W,0,0,0,26149117,0,0,0,0
firewall,2,1,4,1038566,1038566,148240641,122091524,0,148240641,0,0,W,0,0,0,70830,26149117,0,0,0
router,3,3,5,1038574,1038574,122091550,122091550,0,122091550,0,0,W,0,0,0,0,0,0,0,0
payload_scan,4,4,6,1038575,1038571,122091570,119911214,0,122091566,0,0,W,0,0,0,0,2180352,0,0,0
bridge,5,5,7,1038571,1038571,119911231,119911231,119911231,0,0,0,W,0,0,0,2180352,0,0,0,0
ndpi_stat,1,2,3,1037855,1037855,123129379,123129379,0,123129379,0,0,W,0,0,0,26149117,0,0,0,0
firewall,2,1,4,1037877,1037878,149278547,123129428,0,149278545,0,0,W,0,0,0,70830,26149117,0,0,0
router,3,3,5,1037879,1037879,123129449,123129449,0,123129449,0,0,W,0,0,0,0,0,0,0,0
payload_scan,4,4,6,1037906,1037903,123129489,120949134,0,123129486,0,0,W,0,0,0,0,2180352,0,0,0
bridge,5,5,7,1037921,1037920,120949172,120949171,120949172,0,0,0,W,0,0,0,2180352,0,0,0,0
ndpi_stat,1,2,3,1039154,1039154,124168582,124168581,0,124168582,0,0,W,0,0,0,26149117,0,0,0,0
firewall,2,1,4,1039174,1039174,150317740,124168623,0,150317740,0,0,W,0,0,0,70830,26149117,0,0,0
router,3,3,5,1039144,1039143,124168634,124168632,0,124168632,0,0,W,0,0,0,0,0,0,0,0
payload_scan,4,4,6,1039132,1039132,124168656,121988304,0,124168656,0,0,W,0,0,0,0,2180352,0,0,0
bridge,5,5,7,1039129,1039129,121988319,121988319,121988319,0,0,0,W,0,0,0,2180352,0,0,0,0
ndpi_stat,1,2,3,1039307,1039307,125207930,125207930,0,125207930,0,0,W,0,0,0,26149117,0,0,0,0
firewall,2,1,4,1039343,1039343,151357097,125207980,0,151357097,0,0,W,0,0,0,70830,26149117,0,0,0
router,3,3,5,1039351,1039353,125208009,125208009,0,125208009,0,0,W,0,0,0,0,0,0,0,0
payload_scan,4,4,6,1039353,1039353,125208024,123027672,0,125208024,0,0,W,0,0,0,0,2180352,0,0,0
bridge,5,5,7,1039354,1039353,123027689,123027688,123027688,0,0,0,W,0,0,0,2180352,0,0,0,0
ndpi_stat,1,2,3,1037085,1037092,126245065,126245065,0,126245065,0,0,W,0,0,0,26149117,0,0,0,0
firewall,2,1,4,1037101,1037101,152394227,126245110,0,152394227,0,0,W,0,0,0,70830,26149117,0,0,0
router,3,3,5,1037095,1037099,126245123,126245123,0,126245123,0,0,W,0,0,0,0,0,0,0,0
payload_scan,4,4,6,1037106,1037107,126245147,124064795,0,126245147,0,0,W,0,0,0,0,2180352,0,0,0
bridge,5,5,7,1037107,1037108,124064806,124064806,124064806,0,0,0,W,0,0,0,2180352,0,0,0,0
ndpi_stat,1,2,3,1042412,1042412,127287522,127287522,0,127287522,0,0,W,0,0,0,26149117,0,0,0,0
firewall,2,1,4,1042481,1042481,153436723,127287606,0,153436723,0,0,W,0,0,0,70830,26149117,0,0,0
router,3,3,5,1042479,1042479,127287626,127287626,0,127287626,0,0,W,0,0,0,0,0,0,0,0
payload_scan,4,4,6,1042484,1042484,127287642,125107290,0,127287642,0,0,W,0,0,0,0,2180352,0,0,0
bridge,5,5,7,1041917,1041917,125107310,125107310,125107310,0,0,0,W,0,0,0,2180352,0,0,0,0
ndpi_stat,1,2,3,1038633,1038634,128326239,128326239,0,128326239,0,0,W,0,0,0,26149117,0,0,0,0
firewall,2,1,4,1038657,1038657,154475400,128326283,0,154475400,0,0,W,0,0,0,70830,26149117,0,0,0
router,3,3,5,1038661,1038660,128326303,128326302,0,128326303,0,0,W,0,0,0,0,0,0,0,0
payload_scan,4,4,6,1038648,1038648,128326310,126145958,0,128326310,0,0,W,0,0,0,0,2180352,0,0,0
bridge,5,5,7,1038638,1038638,126145972,126145972,126145972,0,0,0,W,0,0,0,2180352,0,0,0,0
ndpi_stat,1,2,3,1656257,1656251,129982540,129982532,0,129982532,0,0,W,0,0,0,26149117,0,0,0,0
firewall,2,1,4,1656353,1656349,156131773,129982652,0,156131769,0,0,W,0,0,0,70830,26149117,0,0,0
router,3,3,5,1656406,1656398,129982716,129982708,0,129982716,0,0,W,0,0,0,0,0,0,0,0
payload_scan,4,4,6,1656468,1656464,129982792,127802436,0,129982788,0,0,W,0,0,0,0,2180352,0,0,0
bridge,5,5,7,1656499,1656499,127802488,127802488,127802488,0,0,0,W,0,0,0,2180352,0,0,0,0
ndpi_stat,1,2,3,3078924,3078924,133061576,133061576,0,133061576,0,0,W,0,0,0,26149117,0,0,0,0
firewall,2,1,4,3078984,3078976,159210829,133061696,0,159210813,0,0,W,0,0,0,70830,26149117,0,0,0
router,3,3,5,3078984,3078980,133061776,133061772,0,133061772,0,0,W,0,0,0,0,0,0,0,0
payload_scan,4,4,6,3078980,3078980,133061820,130881468,0,133061820,0,0,W,0,0,0,0,2180352,0,0,0
bridge,5,5,7,3078968,3078976,130881520,130881516,130881516,0,0,0,W,0,0,0,2180352,0,0,0,0
ndpi_stat,1,2,3,3097092,3097100,136158788,136158784,0,136158784,0,0,W,0,0,0,26149117,0,0,0,0
firewall,2,1,4,3097160,3097152,162308053,136158928,0,162308045,0,0,W,0,0,0,70830,26149117,0,0,0
router,3,3,5,3097164,3097168,136158988,136158988,0,136158988,0,0,W,0,0,0,0,0,0,0,0
payload_scan,4,4,6,3097159,3097159,136159031,133978679,0,136159031,0,0,W,0,0,0,0,2180352,0,0,0
bridge,5,5,7,3097164,3097156,133978724,133978704,133978704,0,0,0,W,0,0,0,2180352,0,0,0,0
ndpi_stat,1,2,3,1414185,1399454,137573113,137558382,0,137558382,0,0,W,0,1523066,0,27672183,0,0,0,0
firewall,2,1,4,2937180,1414125,165245296,137573113,0,165245296,0,0,W,0,0,1523066,70830,27672183,0,0,0
router,3,3,5,1399351,1399351,137558382,137558382,0,137558382,0,0,W,0,0,0,0,0,0,0,0
payload_scan,4,4,6,1399306,1189890,137558382,135168610,0,137558382,0,0,W,0,0,209420,0,2389772,0,0,0
bridge,5,5,7,1189833,1173450,135168610,135152227,135152227,0,0,0,W,0,209420,0,2389772,0,0,0,0
ndpi_stat,1,2,3,711280,714949,138284393,138273331,0,138273331,0,0,W,0,1880400,0,29552583,0,0,0,0
firewall,2,1,4,2591777,711377,167837073,138284490,0,167837073,0,0,W,0,0,1880400,70830,29552583,0,0,0
router,3,3,5,714949,714949,138273331,138273331,0,138273331,0,0,W,0,0,0,0,0,0,0,0
payload_scan,4,4,6,714949,409575,138273331,135578185,0,138273331,0,0,W,0,0,305374,0,2695146,0,0,0
bridge,5,5,7,409575,409575,135578185,135561802,135561802,0,0,0,W,0,305374,0,2695146,0,0,0,0
ndpi_stat,1,2,3,710494,721653,138994984,138994984,0,138994984,0,0,W,0,1799549,0,31352132,0,0,0,0
firewall,2,1,4,2510058,710511,170347193,138995061,0,170347193,0,0,W,0,0,1799549,70830,31352132,0,0,0
router,3,3,5,721804,721804,138995135,138995135,0,138995135,0,0,W,0,0,0,0,0,0,0,0
payload_scan,4,4,6,721828,409575,138995159,135987760,0,138995159,0,0,W,0,0,312253,0,3007399,0,0,0
bridge,5,5,7,409575,409575,135987760,135971377,135971377,0,0,0,W,0,312253,0,3007399,0,0,0,0
ndpi_stat,1,2,3,711079,694704,139706140,139689757,0,139689757,0,0,W,0,2196984,0,33549116,0,0,0,0
firewall,2,1,4,2908063,710995,173255341,139706140,0,173255341,0,0,W,0,0,2197063,70830,33549195,0,0,0
router,3,3,5,694598,694598,139689757,139689757,0,139689757,0,0,W,0,0,0,0,0,0,0,0
payload_scan,4,4,6,694598,393192,139689757,136380952,0,139689757,0,0,W,0,0,301406,0,3308805,0,0,0
bridge,5,5,7,393192,409575,136380952,136380952,136380952,0,0,0,W,0,301406,0,3308805,0,0,0,0
ndpi_stat,1,2,3,721383,721383,140427523,140411140,0,140411140,0,0,W,0,2403233,0,35952349,0,0,0,0
firewall,2,1,4,3124562,721383,176379943,140427523,0,176379943,0,0,W,0,0,2403225,70830,35952420,0,0,0
router,3,3,5,721383,721383,140411140,140411140,0,140411140,0,0,W,0,0,0,0,0,0,0,0
payload_scan,4,4,6,721383,409575,140411140,136790527,0,140411140,0,0,W,0,0,311808,0,3620613,0,0,0
bridge,5,5,7,409575,409575,136790527,136790527,136790527,0,0,0,W,0,311808,0,3620613,0,0,0,0
ndpi_stat,1,2,3,720851,720848,141148374,141131988,0,141131991,0,0,W,0,2408246,0,38360595,0,0,0,0
firewall,2,1,4,3129057,720851,179509055,141148374,0,179509055,0,0,W,0,0,2408261,70830,38360681,0,0,0
router,3,3,5,720851,720851,141131991,141131991,0,141131991,0,0,W,0,0,0,0,0,0,0,0
payload_scan,4,4,6,720851,409575,141131991,137200102,0,141131991,0,0,W,0,0,311276,0,3931889,0,0,0
bridge,5,5,7,409575,409575,137200102,137200102,137200102,0,0,0,W,0,311276,0,3931889,0,0,0,0
ndpi_stat,1,2,3,720696,720699,141869070,141852687,0,141852687,0,0,W,0,1957337,0,40317932,0,0,0,0
firewall,2,1,4,2678029,720696,182187127,141869070,0,182187124,0,0,W,0,0,1957373,70830,40318054,0,0,0
router,3,3,5,720696,720696,141852687,141852687,0,141852687,0,0,W,0,0,0,0,0,0,0,0
payload_scan,4,4,6,720696,409575,141852687,137609677,0,141852687,0,0,W,0,0,311121,0,4243010,0,0,0
bridge,5,5,7,409575,409575,137609677,137609677,137609677,0,0,0,W,0,311121,0,4243010,0,0,0,0
ndpi_stat,1,2,3,647517,647517,142516587,142500204,0,142500204,0,0,W,0,1077269,0,41395201,0,0,0,0
firewall,2,1,4,1724638,647517,183911796,142516587,0,183911796,0,0,W,0,0,1077155,70830,41395209,0,0,0
router,3,3,5,647517,647517,142500204,142500204,0,142500204,0,0,W,0,0,0,0,0,0,0,0
payload_scan,4,4,6,647517,409575,142500204,138019252,0,142500204,0,0,W,0,0,237942,0,4480952,0,0,0
bridge,5,5,7,409575,409575,138019252,138019252,138019252,0,0,0,W,0,237942,0,4480952,0,0,0,0
ndpi_stat,1,2,3,457624,458947,142974211,142959151,0,142959151,0,0,W,0,38815,0,41434016,0,0,0,0
firewall,2,1,4,496437,457636,184408239,142974223,0,184408239,0,0,W,0,0,38807,70830,41434016,0,0,0
router,3,3,5,458947,458947,142959151,142959151,0,142959151,0,0,W,0,0,0,0,0,0,0,0
payload_scan,4,4,6,458947,409575,142959151,138428827,0,142959151,0,0,W,0,0,49372,0,4530324,0,0,0
bridge,5,5,7,409575,409575,138428827,138428827,138428827,0,0,0,W,0,49372,0,4530324,0,0,0,0
ndpi_stat,1,2,3,459539,459250,143433762,143418401,0,143418401,0,0,W,0,36777,0,41470793,0,0,0,0
firewall,2,1,4,496345,459566,184904587,143433792,0,184904585,0,0,W,0,0,36777,70830,41470793,0,0,0
router,3,3,5,459250,459250,143418401,143418401,0,143418401,0,0,W,0,0,0,0,0,0,0,0
payload_scan,4,4,6,459250,409575,143418401,138838402,0,143418401,0,0,W,0,0,49675,0,4579999,0,0,0
bridge,5,5,7,409575,409575,138838402,138838402,138838402,0,0,0,W,0,49675,0,4579999,0,0,0,0
ndpi_stat,1,2,3,483518,498909,143917310,143917310,0,143917310,0,0,W,0,11857,0,41482650,0,0,0,0
firewall,2,1,4,495393,483536,185399992,143917342,0,185399992,0,0,W,0,0,11857,70830,41482650,0,0,0
router,3,3,5,498956,498956,143917357,143917357,0,143917357,0,0,W,0,0,0,0,0,0,0,0
payload_scan,4,4,6,498967,484130,143917368,139322532,0,143917368,0,0,W,0,0,14837,0,4594836,0,0,0
bridge,5,5,7,484140,484140,139322542,139322542,139322542,0,0,0,W,0,14837,0,4594836,0,0,0,0
ndpi_stat,1,2,3,497967,497967,144415309,144415309,0,144415309,0,0,W,0,0,0,41482650,0,0,0,0
firewall,2,1,4,497973,497973,185897983,144415333,0,185897983,0,0,W,0,0,0,70830,41482650,0,0,0
router,3,3,5,497990,497990,144415358,144415358,0,144415358,0,0,W,0,0,0,0,0,0,0,0
payload_scan,4,4,6,497985,497985,144415363,139820527,0,144415363,0,0,W,0,0,0,0,4594836,0,0,0
bridge,5,5,7,497993,497993,139820537,139820537,139820537,0,0,0,W,0,0,0,4594836,0,0,0,0
ndpi_stat,1,2,3,497411,497410,144912744,144912743,0,144912743,0,0,W,0,0,0,41482650,0,0,0,0
firewall,2,1,4,497414,497414,186395422,144912772,0,186395422,0,0,W,0,0,0,70830,41482650,0,0,0
router,3,3,5,497415,497415,144912778,144912778,0,144912778,0,0,W,0,0,0,0,0,0,0,0
payload_scan,4,4,6,497637,497637,144913010,140318174,0,144913010,0,0,W,0,0,0,0,4594836,0,0,0
bridge,5,5,7,497632,497632,140318181,140318181,140318181,0,0,0,W,0,0,0,4594836,0,0,0,0
ndpi_stat,1,2,3,497130,497129,145409902,145409901,0,145409901,0,0,W,0,0,0,41482650,0,0,0,0
firewall,2,1,4,497133,497133,186892561,145409911,0,186892561,0,0,W,0,0,0,70830,41482650,0,0,0
router,3,3,5,496905,496905,145409915,145409915,0,145409915,0,0,W,0,0,0,0,0,0,0,0
payload_scan,4,4,6,496932,496900,145409949,140815081,0,145409917,0,0,W,0,0,0,0,4594836,0,0,0
bridge,5,5,7,496921,496921,140815113,140815113,140815113,0,0,0,W,0,0,0,4594836,0,0,0,0
ndpi_stat,1,2,3,495704,495704,145905615,145905615,0,145905615,0,0,W,0,0,0,41482650,0,0,0,0
firewall,2,1,4,495713,495713,187388278,145905628,0,187388278,0,0,W,0,0,0,70830,41482650,0,0,0
router,3,3,5,495692,495692,145905641,145905641,0,145905641,0,0,W,0,0,0,0,0,0,0,0
payload_scan,4,4,6,495706,495701,145905655,141310814,0,145905655,0,0,W,0,0,0,0,4594836,0,0,0
bridge,5,5,7,495652,495651,141310829,141310828,141310828,0,0,0,W,0,0,0,4594836,0,0,0,0
ndpi_stat,1,2,3,496749,496749,146402377,146402377,0,146402377,0,0,W,0,0,0,41482650,0,0,0,0
firewall,2,1,4,496752,496752,187885043,146402393,0,187885043,0,0,W,0,0,0,70830,41482650,0,0,0
router,3,3,5,496745,496745,146402400,146402400,0,146402400,0,0,W,0,0,0,0,0,0,0,0
payload_scan,4,4,6,496742,496742,146402407,141807571,0,146402407,0,0,W,0,0,0,0,4594836,0,0,0
bridge,5,5,7,496740,496741,141807577,141807577,141807577,0,0,0,W,0,0,0,4594836,0,0,0,0
ndpi_stat,1,2,3,496232,496230,146898625,146898623,0,146898625,0,0,W,0,0,0,41482650,0,0,0,0
firewall,2,1,4,496254,496252,188381304,146898652,0,188381302,0,0,W,0,0,0,70830,41482650,0,0,0
router,3,3,5,496259,496259,146898666,146898666,0,146898666,0,0,W,0,0,0,0,0,0,0,0
payload_scan,4,4,6,496258,496258,146898671,142303835,0,146898671,0,0,W,0,0,0,0,4594836,0,0,0
bridge,5,5,7,496259,496260,142303842,142303841,142303841,0,0,0,W,0,0,0,4594836,0,0,0,0
ndpi_stat,1,2,3,1220611,1220611,148119263,148119263,0,148119263,0,0,W,0,0,0,41482650,0,0,0,0
firewall,2,1,4,1220757,1220749,189602073,148119415,0,189602065,0,0,W,0,0,0,70830,41482650,0,0,0
router,3,3,5,1220836,1220836,148119507,148119507,0,148119507,0,0,W,0,0,0,0,0,0,0,0
payload_scan,4,4,6,1220916,1220897,148119594,143524739,0,148119587,0,0,W,0,0,0,0,4594836,0,0,0
bridge,5,5,7,1220949,1220949,143524793,143524793,143524793,0,0,0,W,0,0,0,4594836,0,0,0,0
ndpi_stat,1,2,3,2846472,2846472,150965887,150965887,0,150965887,0,0,W,0,0,0,41482650,0,0,0,0
firewall,2,1,4,2846512,2846504,192448693,150966031,0,192448681,0,0,W,0,0,0,70830,41482650,0,0,0
router,3,3,5,2846525,2846525,150966119,150966119,0,150966119,0,0,W,0,0,0,0,0,0,0,0
payload_scan,4,4,6,2846554,2846550,150966183,146371343,0,150966179,0,0,W,0,0,0,0,4594836,0,0,0
bridge,5,5,7,2846547,2846547,146371387,146371387,146371387,0,0,0,W,0,0,0,4594836,0,0,0,0
ndpi_stat,1,2,3,2839144,2839144,153805175,153805175,0,153805175,0,0,W,0,0,0,41482650,0,0,0,0
firewall,2,1,4,2839152,2839152,195287921,153805271,0,195287921,0,0,W,0,0,0,70830,41482650,0,0,0
router,3,3,5,2839154,2839154,153805337,153805337,0,153805337,0,0,W,0,0,0,0,0,0,0,0
payload_scan,4,4,6,2839162,2839162,153805385,149210549,0,153805385,0,0,W,0,0,0,0,4594836,0,0,0
bridge,5,5,7,2839141,2839153,149210588,149210588,149210588,0,0,0,W,0,0,0,4594836,0,0,0,0
ndpi_stat,1,2,3,2843489,2843488,156648760,156648759,0,156648759,0,0,W,0,0,0,41482650,0,0,0,0
firewall,2,1,4,2843555,2843547,198131557,156648899,0,198131549,0,0,W,0,0,0,70830,41482650,0,0,0
router,3,3,5,2843606,2843606,156648991,156648991,0,156648991,0,0,W,0,0,0,0,0,0,0,0
payload_scan,4,4,6,2843643,2843643,156649067,152054231,0,156649067,0,0,W,0,0,0,0,4594836,0,0,0
bridge,5,5,7,2843669,2843672,152054292,152054292,152054292,0,0,0,W,0,0,0,4594836,0,0,0,0
ndpi_stat,1,2,3,2842512,2842512,159491411,159491411,0,159491411,0,0,W,0,0,0,41482650,0,0,0,0
firewall,2,1,4,2842500,2842500,200974161,159491511,0,200974161,0,0,W,0,0,0,70830,41482650,0,0,0
router,3,3,5,2842500,2842492,159491567,159491559,0,159491559,0,0,W,0,0,0,0,0,0,0,0
payload_scan,4,4,6,2842529,2842529,159491657,154896821,0,159491657,0,0,W,0,0,0,0,4594836,0,0,0
bridge,5,5,7,2843653,2843655,154897983,154897983,154897983,0,0,0,W,0,0,0,4594836,0,0,0,0
ndpi_stat,1,2,3,2844512,2844508,162336023,162336019,0,162336019,0,0,W,0,0,0,41482650,0,0,0,0
firewall,2,1,4,2844584,2844584,203818801,162336151,0,203818801,0,0,W,0,0,0,70830,41482650,0,0,0
router,3,3,5,2844556,2844558,162336215,162336215,0,162336215,0,0,W,0,0,0,0,0,0,0,0
payload_scan,4,4,6,2843456,2843456,162336275,157741439,0,162336275,0,0,W,0,0,0,0,4594836,0,0,0
bridge,5,5,7,2843444,2843444,157741475,157741475,157741475,0,0,0,W,0,0,0,4594836,0,0,0,0
ndpi_stat,1,2,3,2842674,2842674,165178825,165178825,0,165178825,0,0,W,0,0,0,41482650,0,0,0,0
firewall,2,1,4,2842720,2842720,206661585,165178935,0,206661585,0,0,W,0,0,0,70830,41482650,0,0,0
router,3,3,5,2842724,2842712,165178999,165178987,0,165178987,0,0,W,0,0,0,0,0,0,0,0
payload_scan,4,4,6,2842720,2842720,165179031,160584195,0,165179031,0,0,W,0,0,0,0,4594836,0,0,0
bridge,5,5,7,2842725,2842736,160584263,160584263,160584263,0,0,0,W,0,0,0,4594836,0,0,0,0
ndpi_stat,1,2,3,2845860,2845860,168024795,168024795,0,168024795,0,0,W,0,0,0,41482650,0,0,0,0
firewall,2,1,4,2845912,2845912,209507561,168024911,0,209507561,0,0,W,0,0,0,70830,41482650,0,0,0
router,3,3,5,2845952,2845952,168024983,168024983,0,168024983,0,0,W,0,0,0,0,0,0,0,0
payload_scan,4,4,6,2845936,2845936,168025035,163430199,0,168025035,0,0,W,0,0,0,0,4594836,0,0,0
bridge,5,5,7,2845908,2845906,163430247,163430245,163430245,0,0,0,W,0,0,0,4594836,0,0,0,0
ndpi_stat,1,2,3,2847234,2847244,170872145,170872143,0,170872145,0,0,W,0,0,0,41482650,0,0,0,0
firewall,2,1,4,2847280,2847286,212354921,170872271,0,212354921,0,0,W,0,0,0,70830,41482650,0,0,0
router,3,3,5,2847316,2847316,170872351,170872351,0,170872351,0,0,W,0,0,0,0,0,0,0,0
payload_scan,4,4,6,2847305,2847305,170872388,166277552,0,170872388,0,0,W,0,0,0,0,4594836,0,0,0
bridge,5,5,7,2847309,2847309,166277591,166277591,166277591,0,0,0,W,0,0,0,4594836,0,0,0,0
ndpi_stat,1,2,3,2845152,2845152,173717423,173717423,0,173717423,0,0,W,0,0,0,41482650,0,0,0,0
firewall,2,1,4,2845177,2845177,215200178,173717528,0,215200178,0,0,W,0,0,0,70830,41482650,0,0,0
router,3,3,5,2845183,2845183,173717571,173717571,0,173717571,0,0,W,0,0,0,0,0,0,0,0
payload_scan,4,4,6,2845170,2845170,173717597,169122761,0,173717597,0,0,W,0,0,0,0,4594836,0,0,0
bridge,5,5,7,2845139,2845140,169122802,169122799,169122799,0,0,0,W,0,0,0,4594836,0,0,0,0
ndpi_stat,1,2,3,2235018,2235026,175952546,175952546,0,175952546,0,0,W,0,0,0,41482650,0,0,0,0
firewall,2,1,4,2235002,2235004,217435228,175952575,0,217435225,0,0,W,0,0,0,70830,41482650,0,0,0
router,3,3,5,2234995,2234995,175952592,175952592,0,175952592,0,0,W,0,0,0,0,0,0,0,0
payload_scan,4,4,6,2234976,2234976,175952614,171357778,0,175952614,0,0,W,0,0,0,0,4594836,0,0,0
bridge,5,5,7,2234939,2234946,171357797,171357797,171357797,0,0,0,W,0,0,0,4594836,0,0,0,0
ndpi_stat,1,2,3,923061,923061,176875636,176875636,0,176875636,0,0,W,0,0,0,41482650,0,0,0,0
firewall,2,1,4,923216,923218,218358460,176875810,0,218358460,0,0,W,0,0,0,70830,41482650,0,0,0
router,3,3,5,923223,923224,176875838,176875838,0,176875838,0,0,W,0,0,0,0,0,0,0,0
payload_scan,4,4,6,923212,923212,176875845,172281009,0,176875845,0,0,W,0,0,0,0,4594836,0,0,0
bridge,5,5,7,923221,923221,172281028,172281028,172281028,0,0,0,W,0,0,0,4594836,0,0,0,0
ndpi_stat,1,2,3,922986,922988,177798796,177798796,0,177798796,0,0,W,0,0,0,41482650,0,0,0,0
firewall,2,1,4,922993,922993,219281481,177798831,0,219281481,0,0,W,0,0,0,70830,41482650,0,0,0
router,3,3,5,922999,922999,177798844,177798844,0,177798844,0,0,W,0,0,0,0,0,0,0,0
payload_scan,4,4,6,922992,922992,177798856,173204020,0,177798856,0,0,W,0,0,0,0,4594836,0,0,0
bridge,5,5,7,922945,922943,173204039,173204037,173204037,0,0,0,W,0,0,0,4594836,0,0,0,0
ndpi_stat,1,2,3,923690,923690,178722521,178722521,0,178722521,0,0,W,0,0,0,41482650,0,0,0,0
firewall,2,1,4,923706,923706,220205200,178722550,0,220205200,0,0,W,0,0,0,70830,41482650,0,0,0
router,3,3,5,923716,923716,178722572,178722572,0,178722572,0,0,W,0,0,0,0,0,0,0,0
payload_scan,4,4,6,923722,923721,178722597,174127760,0,178722596,0,0,W,0,0,0,0,4594836,0,0,0
bridge,5,5,7,924248,924246,174128318,174128316,174128317,0,0,0,W,0,0,0,4594836,0,0,0,0
ndpi_stat,1,2,3,924383,924385,179646933,179646933,0,179646933,0,0,W,0,0,0,41482650,0,0,0,0
firewall,2,1,4,924394,924396,221129619,179646968,0,221129618,0,0,W,0,0,0,70830,41482650,0,0,0
router,3,3,5,924383,924383,179646980,179646980,0,179646980,0,0,W,0,0,0,0,0,0,0,0
payload_scan,4,4,6,923845,923843,179646999,175052161,0,179646997,0,0,W,0,0,0,0,4594836,0,0,0
bridge,5,5,7,923844,923844,175052177,175052177,175052177,0,0,0,W,0,0,0,4594836,0,0,0,0
ndpi_stat,1,2,3,922844,922847,180569812,180569812,0,180569812,0,0,W,0,0,0,41482650,0,0,0,0
firewall,2,1,4,922875,922875,222052505,180569855,0,222052505,0,0,W,0,0,0,70830,41482650,0,0,0
router,3,3,5,922874,922865,180569873,180569864,0,180569864,0,0,W,0,0,0,0,0,0,0,0
payload_scan,4,4,6,922872,922872,180569885,175975049,0,180569885,0,0,W,0,0,0,0,4594836,0,0,0
bridge,5,5,7,922871,922871,175975063,175975063,175975063,0,0,0,W,0,0,0,4594836,0,0,0,0
ndpi_stat,1,2,3,925303,925303,181495158,181495158,0,181495158,0,0,W,0,0,0,41482650,0,0,0,0
firewall,2,1,4,925332,925332,222977855,181495205,0,222977855,0,0,W,0,0,0,70830,41482650,0,0,0
router,3,3,5,925335,925335,181495220,181495220,0,181495220,0,0,W,0,0,0,0,0,0,0,0
payload_scan,4,4,6,925332,925334,181495233,176900397,0,181495233,0,0,W,0,0,0,0,4594836,0,0,0
bridge,5,5,7,925320,925320,176900400,176900400,176900400,0,0,0,W,0,0,0,4594836,0,0,0,0
ndpi_stat,1,2,3,923168,923168,182418373,182418373,0,182418373,0,0,W,0,0,0,41482650,0,0,0,0
firewall,2,1,4,923200,923198,223901070,182418418,0,223901068,0,0,W,0,0,0,70830,41482650,0,0,0
router,3,3,5,923215,923215,182418448,182418448,0,182418448,0,0,W,0,0,0,0,0,0,0,0
payload_scan,4,4,6,923227,923227,182418463,177823627,0,182418463,0,0,W,0,0,0,0,4594836,0,0,0
bridge,5,5,7,923232,923232,177823653,177823653,177823653,0,0,0,W,0,0,0,4594836,0,0,0,0
ndpi_stat,1,2,3,921921,921921,183340339,183340339,0,183340339,0,0,W,0,0,0,41482650,0,0,0,0
firewall,2,1,4,921949,921947,224823049,183340397,0,224823047,0,0,W,0,0,0,70830,41482650,0,0,0
router,3,3,5,921950,921952,183340415,183340415,0,183340415,0,0,W,0,0,0,0,0,0,0,0
payload_scan,4,4,6,921938,921942,183340431,178745595,0,183340431,0,0,W,0,0,0,0,4594836,0,0,0
bridge,5,5,7,921941,921941,178745609,178745609,178745609,0,0,0,W,0,0,0,4594836,0,0,0,0
ndpi_stat,1,2,3,924836,924836,184265233,184265233,0,184265233,0,0,W,0,0,0,41482650,0,0,0,0
firewall,2,1,4,924858,924860,225747925,184265275,0,225747925,0,0,W,0,0,0,70830,41482650,0,0,0
router,3,3,5,924850,924850,184265281,184265281,0,184265281,0,0,W,0,0,0,0,0,0,0,0
payload_scan,4,4,6,924848,924847,184265293,179670456,0,184265292,0,0,W,0,0,0,0,4594836,0,0,0
bridge,5,5,7,924850,924850,179670471,179670471,179670471,0,0,0,W,0,0,0,4594836,0,0,0,0
ndpi_stat,1,2,3,622514,622514,184887789,184887789,0,184887789,0,0,W,0,0,0,41482650,0,0,0,0
firewall,2,1,4,622506,622506,226370439,184887789,0,226370439,0,0,W,0,0,0,70830,41482650,0,0,0
router,3,3,5,622494,622496,184887789,184887789,0,184887789,0,0,W,0,0,0,0,0,0,0,0
payload_scan,4,4,6,622482,622482,184887789,180292953,0,184887789,0,0,W,0,0,0,0,4594836,0,0,0
bridge,5,5,7,622472,622472,180292953,180292953,180292953,0,0,0,W,0,0,0,4594836,0,0,0,0
