Time,Device,Direction,PacketRate,Mbit,MbitWithFraming,TotalPackets,TotalBytes
1683671028,Device: id=1,RX,0,0,0,0,0
1683671029,Device: id=1,RX,0,0,0,0,0
1683671030,Device: id=1,RX,1.0362196888918,2918.6836870782,3084.4788373009,1036239,364842260
1683671031,Device: id=1,RX,1.7583455910179,4974.0044495067,5255.3397440696,2794602,986598972
1683671032,Device: id=1,RX,1.7592558117124,4973.9976505121,5255.4785803861,4553928,1608373484
1683671033,Device: id=1,RX,1.7565248633228,4974.2895662349,5255.3335443665,6310465,2230163976
1683671034,Device: id=1,RX,1.7588938991678,4975.1667398262,5256.5897636931,8069378,2852066572
1683671035,Device: id=1,RX,1.7581451564407,4975.2420540751,5256.5452791056,9827565,3473986630
1683671036,Device: id=1,RX,1.7577166521089,4974.6961101224,5255.9307744598,11585357,4095850300
1683671037,Device: id=1,RX,1.761376680854,4973.3721180226,5255.1923869593,13346760,4717531104
1683671038,Device: id=1,RX,1.7588826945644,4975.0371263455,5256.4583574758,15105677,5339422874
1683671039,Device: id=1,RX,1.7376461152701,4909.5332873536,5187.5566657968,16843362,5953128268
1683671040,Device: id=1,RX,1.7572898526892,4975.4390825816,5256.6054590119,18600669,6575064222
1683671041,Device: id=1,RX,1.7571138074159,4973.4617376752,5254.5999468618,20357811,7196756914
1683671042,Device: id=1,RX,1.7614901863378,4974.5269148785,5256.3653446926,22119376,7818599188
1683671043,Device: id=1,RX,1.7641498229806,4974.2454146524,5256.5093863293,23883563,8440392968
1683671044,Device: id=1,RX,1.7584801103421,4975.7075150634,5257.0643327182,25642116,9062382188
1683671045,Device: id=1,RX,1.7560554311351,4974.3491581113,5255.3180270929,27398240,9684200112
1683671046,Device: id=1,RX,1.7594937645989,4974.609263804,5256.1282661398,29157770,10306039076
1683671047,Device: id=1,RX,1.7592299579963,4971.9224863269,5253.3992796063,30917005,10927531168
1683671048,Device: id=1,RX,1.7580366155867,4974.7709846986,5256.0568431925,32675081,11549391472
1683671049,Device: id=1,RX,1.7534516348601,4961.651360611,5242.2036221886,34428578,12169613938
1683671050,Device: id=1,RX,1.7590214523814,4975.3860753403,5256.8295077213,36187680,12791565676
1683671051,Device: id=1,RX,1.7583739284733,4974.2670446407,5255.6068731964,37946064,13413352618
1683671052,Device: id=1,RX,1.7603054418057,4975.8544583705,5257.5033290594,39706404,14035346636
1683671053,Device: id=1,RX,1.7586349712889,4976.2850328359,5257.6666282421,41465050,14657386166
1683671054,Device: id=1,RX,1.7565703958333,4975.0249066759,5256.0761700093,43221647,15279273698
1683671055,Device: id=1,RX,1.7617644741988,4975.8881027855,5257.7704186573,44983423,15901263780
1683671056,Device: id=1,RX,1.759543913469,4976.3012185022,5257.8282446573,46742994,16523311008
1683671057,Device: id=1,RX,1.7581548625125,4971.9359163422,5253.2406943442,48501165,17144808702
1683671058,Device: id=1,RX,1.7586830673744,4976.0632138768,5257.4525046567,50259885,17766829666
1683671059,Device: id=1,RX,1.7573438689311,4971.3138866984,5252.4889057273,52017291,18388265872
1683671060,Device: id=1,RX,1.7549603915738,4964.5248257343,5245.3184883861,53772258,19008833812
1683671061,Device: id=1,RX,1.7589970775186,4975.3264247381,5256.765957141,55531268,19630754184
1683671062,Device: id=1,RX,1.7564208005611,4975.1974246852,5256.224752775,57287707,20252660306
1683671063,Device: id=1,RX,1.7577788103565,4971.678246068,5252.9228557251,59045490,20874121568
1683671064,Device: id=1,RX,1.7579263741488,4975.2479647697,5256.5161846335,60803439,21496035568
1683671065,Device: id=1,RX,1.7598749802718,4976.1152638893,5257.6952607327,62563348,22118062000
1683671066,Device: id=1,RX,1.7577372071545,4973.8666068969,5255.1045600416,64321094,22739798436
1683671067,Device: id=1,RX,1.7608287017602,4974.4516786323,5256.1842709139,66081952,23361615242
1683671068,Device: id=1,RX,1.7619397282624,4975.8396447215,5257.7500012435,67843948,23983615062
1683671069,Device: id=1,RX,1.7581782200056,4975.3047830716,5256.6132982725,69602170,24605543646
1683671070,Device: id=1,RX,1.7540776854175,4948.8558108345,5229.5082405013,71356276,25224160608
1683671071,Device: id=1,RX,1.7605010284249,4975.6117959175,5257.2919604655,73116811,25846124084
1683671072,Device: id=1,RX,1.7599248450022,4976.7055176262,5258.2934928266,74876794,26468232830
1683671073,Device: id=1,RX,1.7618789528639,4976.8076373745,5258.7082698328,76638703,27090344394
1683671074,Device: id=1,RX,1.7585219077162,4975.3282809657,5256.6917862003,78397236,27712264352
1683671075,Device: id=1,RX,1.7599702409652,4976.1400384986,5257.735277053,80157268,28334303684
1683671076,Device: id=1,RX,1.7617812194374,4974.9111599259,5256.7961550359,81919070,28956174914
1683671077,Device: id=1,RX,1.7610187212821,4974.513122301,5256.2761177062,83680092,29577990212
1683671078,Device: id=1,RX,1.7630327331248,4976.9877226851,5259.072959985,85443160,30200126122
1683671079,Device: id=1,RX,1.7600593642103,4975.388577641,5256.9980759146,87203243,30822058046
1683671080,Device: id=1,RX,1.7570407294237,4972.6831653486,5253.8096820563,88960290,31443645660
1683671081,Device: id=1,RX,1.7579901172698,4976.8631491818,5258.1415679449,90718329,32065770852
1683671082,Device: id=1,RX,1.7591210640304,4975.2133791878,5256.6727494327,92477458,32687675330
1683671083,Device: id=1,RX,1.7593423928283,4975.53983379,5257.0346166425,94236817,33309623680
1683671084,Device: id=1,RX,1.760973351733,4976.2062888009,5257.9620250781,95997795,33931651108
1683671085,Device: id=1,RX,1.7584331862539,4975.8203081773,5257.169617978,97756251,34553636716
1683671086,Device: id=1,RX,1.7590978844507,4976.8369183507,5258.2925798628,99515388,35175755164
1683671087,Device: id=1,RX,1.760338598252,4976.8647118682,5258.5188875885,101275742,35797868696
1683671088,Device: id=1,RX,1.7585161065556,4973.4634932572,5254.8260703061,103034277,36419558312
1683671089,Device: id=1,RX,1.7573586797704,4976.0682353969,5257.2456241602,104791650,37041571910
1683671090,Device: id=1,RX,1.7608484155953,4972.6623654222,5254.3981119175,106552513,37663159854
1683671091,Device: id=1,RX,1.7585948658779,4975.2247187386,5256.599897279,108311139,38285073954
1683671092,Device: id=1,RX,1.7592978907972,4976.3567957081,5257.8444582356,110070489,38907136978
1683671093,Device: id=1,RX,1.7562543390351,4964.4464237051,5245.4471179507,111826766,39527700788
1683671094,Device: id=1,RX,1.7605309937756,4975.9521827658,5257.6371417699,113587347,40149712478
1683671095,Device: id=1,RX,1.7606776940638,4976.1600260493,5257.8684570995,115348066,40771747074
1683671096,Device: id=1,RX,1.7587434110321,4976.3954272835,5257.7943730487,117106851,41393811212
1683671097,Device: id=1,RX,1.7602959327301,4976.6549488507,5258.3022980875,118867194,42015909714
1683671098,Device: id=1,RX,1.7590285957766,4972.4231125373,5253.8676878616,120626229,42637464866
1683671099,Device: id=1,RX,1.7590841950267,4976.3826884243,5257.8361596286,122385358,43259528546
1683671100,Device: id=1,RX,1.754959208971,4957.8322043704,5238.6256778058,124140365,43879274448
1683671101,Device: id=1,RX,1.7594999602589,4973.7565128242,5255.2765064657,125899896,44501004980
1683671102,Device: id=1,RX,1.7598356220744,4976.0515810307,5257.6252805626,127659745,45123016156
1683671103,Device: id=1,RX,1.7592971554824,4975.7145891814,5257.2021340586,129419086,45744995980
1683671104,Device: id=1,RX,1.7610044854506,4976.1173616771,5257.8780793492,131180119,46367020722
1683671105,Device: id=1,RX,1.75836476387,4976.1003120947,5257.4386743139,132938541,46989053508
1683671106,Device: id=1,RX,1.7594629665398,4976.0349308368,5257.5490054832,134698046,47611072734
1683671107,Device: id=1,RX,1.7599448156797,4976.921740257,5258.5129107657,136458004,48233192612
1683671108,Device: id=1,RX,1.7588779431237,4973.2595486691,5254.6800195689,138216910,48854859972
1683671109,Device: id=1,RX,1.7576256907957,4976.38988319,5257.6099937173,139974569,49476920496
1683671110,Device: id=1,RX,1.7640357129748,4976.0081418514,5258.2538559273,141738660,50098941008
1683671111,Device: id=1,RX,1.7578034921662,4973.1489430408,5254.3975017874,143496525,50720606378
1683671112,Device: id=1,RX,1.7575319665396,4975.4728415861,5256.6779562324,145254080,51342548634
1683671113,Device: id=1,RX,1.7587320619749,4975.7846266077,5257.1817565236,147012853,51964536190
1683671114,Device: id=1,RX,1.7577122862443,4975.6132462498,5256.8472120488,148770606,52586502252
1683671115,Device: id=1,RX,1.7579931218653,4975.0569374533,5256.3358369517,150528615,53208389986
1683671116,Device: id=1,RX,1.7588504967555,4975.8428332812,5257.2589127621,152287531,53830393504
1683671117,Device: id=1,RX,1.7576022317874,4975.8701010246,5257.0864581106,154045172,54452390986
1683671118,Device: id=1,RX,1.7589242960369,4972.833438477,5254.2613258429,155804148,55074013438
1683671119,Device: id=1,RX,1.7589436131701,4976.2650299914,5257.6960080987,157563163,55696071812
1683671120,Device: id=1,RX,1.7592885655207,4975.8713315995,5257.3575020828,159322474,56318063660
1683671121,Device: id=1,RX,1.7574214639721,4972.0239714922,5253.2114057277,161079896,56939566846
1683671122,Device: id=1,RX,1.7595579695835,4975.8689844546,5257.3982595879,162839481,57561560024
1683671123,Device: id=1,RX,1.7616423166164,4976.5918856762,5258.4546563348,164601132,58183637076
1683671124,Device: id=1,RX,1.7610804340219,4975.9948596389,5257.7677290824,166362232,58805643344
1683671125,Device: id=1,RX,1.7601525725825,4977.2319167421,5258.8563283553,168122390,59427799252
1683671126,Device: id=1,RX,1.7569929617327,4976.0671177823,5257.1859916596,169879422,60049821462
1683671127,Device: id=1,RX,1.7602157762791,4976.3738558174,5258.0083800221,171639643,60671870040
1683671128,Device: id=1,RX,1.7544348881579,4973.7850745123,5254.4946566175,173394105,61293602782
1683671129,Device: id=1,RX,1.7637921676565,4975.5819593811,5257.7887062061,175157907,61915553994
1683671130,Device: id=1,RX,1.7628892952233,4977.2876779387,5259.3499651744,176920803,62537717320
1683671131,Device: id=1,RX,1.7547754313716,4969.7552037252,5250.5192727446,178675593,63158941878
1683671132,Device: id=1,RX,1.7595255860381,4975.5418268178,5257.0659205839,180435143,63780893236
1683671133,Device: id=1,RX,1.7565143399176,4976.7146980545,5257.7569924413,182191664,64402984932
1683671134,Device: id=1,RX,1.7600101712141,4976.3390438127,5257.940671207,183951688,65025032200
1683671135,Device: id=1,RX,1.7602861953976,4976.9406789825,5258.5864702462,185711984,65647153250
1683671136,Device: id=1,RX,1.7618331971649,4976.8615828164,5258.7548943628,187473844,66269270412
1683671137,Device: id=1,RX,1.7612417278643,4977.2049963381,5259.0036727964,189235124,66891434556
1683671138,Device: id=1,RX,1.7614276949509,4974.051312463,5255.8797436551,190996599,67513207668
1683671139,Device: id=1,RX,1.759218698623,4977.1300811087,5258.6050728884,192755837,68135355754
1683671140,Device: id=1,RX,1.7590456745045,4976.7041206234,5258.1514285441,194514895,68757448128
1683671141,Device: id=1,RX,1.7601555168382,4972.8670047356,5254.4918874297,196275056,69379058440
1683671142,Device: id=1,RX,1.758325958429,4973.1328470847,5254.4650004333,198033392,70000703596
1683671143,Device: id=1,RX,1.7570206390869,4975.7634583248,5256.8867605787,199790419,70622676280
1683671144,Device: id=1,RX,1.7611843545822,4975.6062999015,5257.3957966346,201551629,71244636124
1683671145,Device: id=1,RX,1.7613238139528,4975.4965853124,5257.3083955449,203313010,71866593390
1683671146,Device: id=1,RX,1.7580479003649,4975.6355550502,5256.9232191085,205071092,72488559898
1683671147,Device: id=1,RX,1.7562095835285,4975.4162166523,5256.4097500168,206827313,73110490968
1683671148,Device: id=1,RX,1.7587472558747,4973.3215767705,5254.7211377105,208586099,73732169860
1683671149,Device: id=1,RX,1.761070655402,4975.9614518562,5257.7327567205,210347216,74354181410
1683671150,Device: id=1,RX,1.7612593846554,4975.928399261,5257.7299008058,212108501,74976181506
1683671151,Device: id=1,RX,1.7624064420156,4974.7514651556,5256.7364958781,213870939,75598036574
1683671152,Device: id=1,RX,1.7548896880991,4968.2206770899,5249.0030271857,215625855,76219073470
1683671153,Device: id=1,RX,1.7621075345531,4975.1962646655,5257.133470194,217387968,76840974932
1683671154,Device: id=1,RX,1.7592858403294,4975.6252053078,5257.1109397605,219147269,77462933442
1683671155,Device: id=1,RX,1.7597595756985,4967.1338567017,5248.6953888135,220907051,78083833086
1683671156,Device: id=1,RX,1.7591559236593,4975.4422662858,5256.9072140713,222666264,78705783548
1683671157,Device: id=1,RX,1.7599882940147,4975.4236912823,5257.0218183247,224426283,79327722360
1683671158,Device: id=1,RX,1.7596334827975,4974.5050835486,5256.0464407962,226185943,79949544866
1683671159,Device: id=1,RX,1.7612962021287,4973.4911422504,5255.298534591,227947254,80571236482
1683671160,Device: id=1,RX,1.7607581573428,4976.8386332915,5258.5599384664,229708026,81193346202
1683671161,Device: id=1,RX,1.7566596424206,4976.3713577774,5257.4369005647,231464720,81815404788
1683671162,Device: id=1,RX,1.7591821020026,4968.2176425176,5249.686778838,233223936,82436443960
1683671163,Device: id=1,RX,1.761223267263,4975.7598567187,5257.5555794807,234985161,83058414554
1683671164,Device: id=1,RX,1.7610265572993,4976.5085660053,5258.2728151732,236746200,83680482520
1683671165,Device: id=1,RX,1.7614203933684,4976.3385803775,5258.1658433165,238507636,84302530354
1683671166,Device: id=1,RX,1.756784483687,4975.8317448243,5256.9172622143,240264446,84924518356
1683671167,Device: id=1,RX,1.7583228385565,4975.1644667592,5256.4961209282,242022780,85546417862
1683671168,Device: id=1,RX,1.7557680893823,4973.7665766707,5254.6894709719,243778583,86168151046
1683671169,Device: id=1,RX,1.7568159287955,4973.6549654222,5254.7455140295,245535415,86789863604
1683671170,Device: id=1,RX,1.7577411359586,4976.1249163305,5257.3634980839,247293175,87411885894
1683671171,Device: id=1,RX,1.7596522604754,4976.6459013311,5258.1902630072,249052864,88033979620
1683671172,Device: id=1,RX,1.7599568044414,4971.9371959009,5253.5302846116,250812840,88655478548
1683671173,Device: id=1,RX,1.759106617798,4976.4921373839,5257.9491962316,252572001,89277559296
1683671174,Device: id=1,RX,1.7586366598213,4975.8126636372,5257.1945292086,254330660,89899543780
1683671175,Device: id=1,RX,1.7594981319423,4976.4360198681,5257.9557209788,256090162,90521599650
1683671176,Device: id=1,RX,1.7607687981511,4977.5889337666,5259.3119414708,257850988,91143818480
1683671177,Device: id=1,RX,1.7582047179877,4976.1671264851,5257.4798813631,259609214,91765846900
1683671178,Device: id=1,RX,1.7587747888551,4975.0215870758,5256.4255532926,261368006,92387730684
1683671179,Device: id=1,RX,1.758123800422,4973.2773654862,5254.5771735538,263126192,93009412348
1683671180,Device: id=1,RX,1.7608862282915,4975.0501896821,5256.7919862087,264887108,93631304136
1683671181,Device: id=1,RX,1.7596917817268,4975.6137392735,5257.1644243498,266646801,94253256284
1683671182,Device: id=1,RX,1.7581665674989,4972.2677036398,5253.5743544397,268405021,94874808636
1683671183,Device: id=1,RX,1.7551217432724,4973.7415383439,5254.5610172675,270160155,95496530670
1683671184,Device: id=1,RX,1.7590600232075,4974.6161337232,5256.0657374364,271919244,96118367930
1683671185,Device: id=1,RX,1.75820452208,4976.0234766309,5257.3362001637,273677465,96740376694
1683671186,Device: id=1,RX,1.760396101546,4975.5235532714,5257.1869295188,275437904,97362332294
1683671187,Device: id=1,RX,1.7596812446286,4975.7682957012,5257.3172948418,277197608,97984311374
1683671188,Device: id=1,RX,1.7586797858379,4975.5884622397,5256.9772279738,278956343,98606279458
1683671189,Device: id=1,RX,1.7577503435137,4974.0856262316,5255.3256811937,280714114,99228047468
1683671190,Device: id=1,RX,1.7589718803096,4975.2492559605,5256.68475681,282473089,99849954728
1683671191,Device: id=1,RX,1.7600998098716,4976.561444131,5258.1774137104,284233192,100472026036
1683671192,Device: id=1,RX,1.7580049443739,4976.4149139314,5257.6957050313,285991209,101094082166
1683671193,Device: id=1,RX,1.7591558803078,4968.4384506962,5249.9033915454,287750399,101715149018
1683671194,Device: id=1,RX,1.756627608066,4976.447117016,5257.5075343065,289507057,102337215670
1683671195,Device: id=1,RX,1.7615417479242,4976.6864583823,5258.5331380502,291268644,102959317458
1683671196,Device: id=1,RX,1.7590610927631,4976.7011770625,5258.1509519046,293027757,103581423462
1683671197,Device: id=1,RX,1.7607033371539,4976.5166001193,5258.2291340639,294788526,104203511236
1683671198,Device: id=1,RX,1.7592197003868,4975.7923179451,5257.267470007,296547772,104825494574
1683671199,Device: id=1,RX,1.7569473702316,4975.1229652606,5256.2345444976,298304760,105447399326
1683671200,Device: id=1,RX,1.7602971751761,4976.0246708119,5257.6722188401,300065097,106069416482
1683671201,Device: id=1,RX,1.7619289703333,4976.0287143364,5257.9373495898,301827077,106691438086
1683671202,Device: id=1,RX,1.7622537000132,4975.4532570424,5257.4138490445,303589380,107313387142
1683671203,Device: id=1,RX,1.7578967054176,4970.4854615079,5251.7489343747,305347307,107934708532
1683671204,Device: id=1,RX,1.75800532671,4975.0613926785,5256.3422449521,307105314,108556591798
1683671205,Device: id=1,RX,1.7586170595898,4976.2074654598,5257.5861949942,308863985,109178636810
1683671206,Device: id=1,RX,1.7598295118162,4975.8984961767,5257.4712180673,310623816,109800624648
1683671207,Device: id=1,RX,1.760851347511,4976.4638480335,5258.2000636352,312384703,110422695224
1683671208,Device: id=1,RX,1.7616492720398,4976.2299194875,5258.0938030139,314146385,111044735520
1683671209,Device: id=1,RX,1.7588762094472,4974.6122716728,5256.0324651844,315905291,111666572586
1683671210,Device: id=1,RX,1.7569045723454,4974.9915170192,5256.0962485945,317662221,112288455526
1683671211,Device: id=1,RX,1.7609983775903,4976.9202086017,5258.6799490162,319423253,112910582430
1683671212,Device: id=1,RX,1.7593894278369,4976.3328386048,5257.8351470587,321182677,113532636258
1683671213,Device: id=1,RX,1.7558299595303,4971.7790924876,5252.7118860124,322938524,114154114676
1683671214,Device: id=1,RX,1.7613131278045,4975.4007589675,5257.2108594162,324699888,114776057734
1683671215,Device: id=1,RX,1.7595425166286,4974.9153947972,5256.4421974578,326459440,115397925510
1683671216,Device: id=1,RX,1.7611802002798,4976.7619309553,5258.5507630001,328220657,116020033750
1683671217,Device: id=1,RX,1.761400874726,4975.9135606745,5257.7377006307,329982121,116642045236
1683671218,Device: id=1,RX,1.7596906228733,4976.3888856731,5257.9393853328,331741832,117264101050
1683671219,Device: id=1,RX,1.7571102594942,4972.9016799748,5254.0393214939,333498995,117885732418
1683671220,Device: id=1,RX,1.7588193608598,4976.4104995873,5257.8215973249,335257872,118507804116
1683671221,Device: id=1,RX,1.761703439231,4977.119459765,5258.9920100419,337019593,119129950250
1683671222,Device: id=1,RX,1.7596179576928,4975.8865713003,5257.4254445311,338779250,119751949872
1683671223,Device: id=1,RX,1.7593061792886,4974.3269021926,5255.8158908787,340538576,120373747740
1683671224,Device: id=1,RX,1.756333373488,4965.8659611916,5246.8793009496,342294911,120994481560
1683671225,Device: id=1,RX,1.7603687201391,4976.8355499617,5258.494545184,344055324,121616601652
1683671226,Device: id=1,RX,1.7577238370242,4974.9368404472,5256.172654371,345813061,122238473414
1683671227,Device: id=1,RX,1.7598078818377,4976.3326218037,5257.9018828977,347572921,122860533414
1683671228,Device: id=1,RX,1.7577904641127,4976.3124908657,5257.5589651237,349330720,123482575496
1683671229,Device: id=1,RX,1.7592594931817,4975.1640472444,5256.6455661535,351090022,124104486028
1683671230,Device: id=1,RX,1.7597618505892,4973.6291849354,5255.1910810296,352849819,124726202094
1683671231,Device: id=1,RX,1.7599846070851,4974.1202967489,5255.7178338825,354609851,125347983874
1683671232,Device: id=1,RX,1.7610604865701,4975.1993936119,5256.9690714631,356370937,125969892808
1683671233,Device: id=1,RX,1.7561784586462,4976.1708044571,5257.1593578405,358127188,126591939852
1683671234,Device: id=1,RX,1.753918918347,4973.1683293288,5253.7953562644,359881116,127213589112
1683671235,Device: id=1,RX,1.7595838946661,4975.4099964611,5256.9434196077,361640716,127835521054
1683671236,Device: id=1,RX,1.7587562736392,4976.474642564,5257.8756463463,363399477,128457582056
1683671237,Device: id=1,RX,1.7583662414049,4976.23537038,5257.5739690047,365157867,129079619882
1683671238,Device: id=1,RX,1.7608378714838,4975.2803909068,5257.0144503442,366918730,129701538806
1683671239,Device: id=1,RX,1.7582013874389,4976.0715579852,5257.3837799754,368676992,130323569194
1683671240,Device: id=1,RX,1.7607996371439,4972.7240469097,5254.4519888528,370437857,130945182774
1683671241,Device: id=1,RX,1.7585918275777,4977.1083263427,5258.4830187551,372196483,131567333404
1683671242,Device: id=1,RX,1.7607056953423,4976.0249439196,5257.7378551744,373957235,132189352880
1683671243,Device: id=1,RX,1.7584137079812,4975.10413706,5256.450330337,375715680,132811251964
1683671244,Device: id=1,RX,1.7580924812636,4970.938963906,5252.2337609082,377473815,133432634362
1683671245,Device: id=1,RX,1.7605627728304,4976.5424988744,5258.2325425273,379234409,134054713208
1683671246,Device: id=1,RX,1.7594873955153,4975.8254305553,5257.3434138378,380993910,134676696196
1683671247,Device: id=1,RX,1.7620091535868,4976.3078368441,5258.229301418,382755941,135298742388
1683671248,Device: id=1,RX,1.7577718122333,4976.251785438,5257.4952753953,384513758,135920789852
1683671249,Device: id=1,RX,1.7587022298787,4976.2766135332,5257.6689703138,386272516,136542844154
1683671250,Device: id=1,RX,1.7613801709538,4974.3777020258,5256.1985293784,388033931,137164653662
1683671251,Device: id=1,RX,1.760512736986,4975.3193708251,5257.0014087429,389794474,137786579274
1683671252,Device: id=1,RX,1.7619079595,4977.523934988,5259.429208508,391556403,138408777196
1683671253,Device: id=1,RX,1.7595463355038,4976.4557885491,5257.9832022298,393315981,139030845364
1683671254,Device: id=1,RX,1.7564958274269,4973.3876119655,5254.4269443538,395072485,139652521708
1683671255,Device: id=1,RX,1.761903881873,4975.8991482958,5257.8037693955,396834427,140274522558
1683671256,Device: id=1,RX,1.7601726017172,4974.5830122824,5256.2106285571,398594632,140896356880
1683671257,Device: id=1,RX,1.7592092130368,4975.5387234324,5257.0121975183,400353852,141518303034
1683671258,Device: id=1,RX,1.7588954931661,4976.6780841416,5258.1013630482,402112766,142140394340
1683671259,Device: id=1,RX,1.7578535997897,4974.8471851656,5256.1037611319,403870652,142762261700
1683671260,Device: id=1,RX,1.7603808960498,4974.8766041659,5256.5375475339,405631036,143384122372
1683671261,Device: id=1,RX,1.7594991588324,4977.9140404187,5259.4339058318,407390577,144006376424
1683671262,Device: id=1,RX,1.7592470889945,4976.4458151301,5257.9253493692,409149852,144628442020
1683671263,Device: id=1,RX,1.7615962225079,4975.1740611694,5257.0294567707,410911511,145250360940
1683671264,Device: id=1,RX,1.760769981778,4975.4226034254,5257.1458005099,412672291,145872292304
1683671265,Device: id=1,RX,1.7569315978911,4974.0614963016,5255.1705519641,414429235,146494054380
1683671266,Device: id=1,RX,1.7584395196976,4976.9064193325,5258.2567424841,416187686,147116171744
1683671267,Device: id=1,RX,1.7621737052577,4976.4680471248,5258.4158399661,417949870,147738233884
1683671268,Device: id=1,RX,1.7622996576183,4976.181973922,5258.1499191409,419712185,148360262046
1683671269,Device: id=1,RX,1.7633508649251,4976.692562779,5258.828701167,421475536,148982348664
1683671270,Device: id=1,RX,1.7569260937106,4973.1428961252,5254.2510711188,423232501,149604005292
1683671271,Device: id=1,RX,1.7583212555675,4975.121492028,5256.4528929188,424990873,150225913426
1683671272,Device: id=1,RX,1.7595165150864,4975.9453002106,5257.4679426245,426750414,150847915244
1683671273,Device: id=1,RX,1.75730820359,4976.2597489932,5257.4290615676,428507740,151469954012
1683671274,Device: id=1,RX,1.7624699617315,4976.4182840856,5258.4134779626,430270228,152092012664
1683671275,Device: id=1,RX,1.7602241214775,4974.1877893688,5255.8236488052,432030487,152713798458
1683671276,Device: id=1,RX,1.760191048602,4976.6508340376,5258.2814018139,433790697,153335886510
1683671277,Device: id=1,RX,1.7634813558945,4976.0673701974,5258.2243871405,435554237,153957915616
1683671278,Device: id=1,RX,1.7570890658151,4967.9687614223,5249.1030119528,437311364,154578925118
1683671279,Device: id=1,RX,1.7615998590001,4976.7958751844,5258.6518526244,439073018,155201043722
1683671280,Device: id=1,RX,1.7590837688973,4973.1248559861,5254.5782590097,440832126,155822692892
1683671281,Device: id=1,RX,1.7580551747254,4975.4326936708,5256.7215216268,442590243,156444643850
1683671282,Device: id=1,RX,1.758806197041,4974.2516335607,5255.6606250873,444349088,157066439022
1683671283,Device: id=1,RX,1.761169717752,4976.6341254217,5258.421280262,446110311,157688537108
1683671284,Device: id=1,RX,1.760215292026,4976.1065113706,5257.7409580947,447870591,158310573288
1683671285,Device: id=1,RX,1.7429951966274,4932.5514440262,5211.4306754866,449613636,158927159836
1683671286,Device: id=1,RX,1.7603910223501,4974.7727489426,5256.4353125186,451374061,159549018432
1683671287,Device: id=1,RX,1.7598133817328,4976.6482381774,5258.2183792546,453133919,160171115234
1683671288,Device: id=1,RX,1.7610334071136,4975.0581271096,5256.8234722478,454895003,160793015366
1683671289,Device: id=1,RX,1.7598211240269,4975.0833789617,5256.654758806,456654841,161414906752
1683671290,Device: id=1,RX,1.7589810758872,4973.1459061602,5254.5828783022,458413872,162036567634
1683671291,Device: id=1,RX,1.7589171335948,4975.248554543,5256.6752959182,460172822,162658485324
1683671292,Device: id=1,RX,1.7591693816913,4974.942919263,5256.4100203336,461932015,163280361538
1683671293,Device: id=1,RX,1.7619168551913,4974.9399775475,5256.8466743781,463693938,163902231204
1683671294,Device: id=1,RX,1.7604697660387,4976.9199961732,5258.5951587394,465454418,164524349820
1683671295,Device: id=1,RX,1.7585262084866,4975.8487356765,5257.2129290343,467212984,165146344986
1683671296,Device: id=1,RX,1.7606036342658,4973.0125452242,5254.7091267067,468973637,165767988984
1683671297,Device: id=1,RX,1.761162170598,4975.9910349201,5257.7769822158,470734844,166390003696
1683671298,Device: id=1,RX,1.7602430538588,4975.5559510361,5257.1948396535,472495127,167011962304
1683671299,Device: id=1,RX,1.7575322779258,4976.737685572,5257.9428500402,474252714,167634073884
1683671300,Device: id=1,RX,1.7598446431738,4976.4823825721,5258.0575254799,476012616,168256154456
1683671301,Device: id=1,RX,1.7594093020301,4972.9092953446,5254.4147836694,477772073,168877784970
1683671302,Device: id=1,RX,1.7604672333907,4976.0819191436,5257.7566764861,479532548,169499797954
1683671303,Device: id=1,RX,1.7607589810772,4977.072117287,5258.7935542593,481293336,170121942222
1683671304,Device: id=1,RX,1.7571218257648,4976.8982518532,5258.0377439755,483050474,170744060230
1683671305,Device: id=1,RX,1.7603016555786,4974.6183565472,5256.2666214398,484810811,171365900010
1683671306,Device: id=1,RX,1.7448386083058,4941.489222556,5220.6633998849,486555718,171983610374
1683671307,Device: id=1,RX,1.7611442423706,4977.8777409965,5259.6608197758,488316894,172605856312
1683671308,Device: id=1,RX,1.7547353231094,4977.1377022304,5257.8953539279,490071694,173228021456
1683671309,Device: id=1,RX,1.7573199017176,4975.5314140077,5256.7025982825,491829032,173849969288
1683671310,Device: id=1,RX,1.7580800879722,4976.3333077172,5257.6261217927,493587158,174472027196
1683671311,Device: id=1,RX,1.7595540200698,4974.3851363055,5255.9137795166,495346746,175093837346
1683671312,Device: id=1,RX,1.7590905092522,4976.1158245494,5257.5703060297,497105906,175715876396
1683671313,Device: id=1,RX,1.7593362995913,4975.8231906591,5257.3169985937,498865295,176337872926
1683671314,Device: id=1,RX,1.7606284488374,4975.5822250347,5257.2827768487,500625976,176959839268
1683671315,Device: id=1,RX,1.7620053215718,4975.834149709,5257.7550011605,502388022,177581832896
1683671316,Device: id=1,RX,1.756814625918,4973.0706042955,5254.1609444424,504144849,178203471100
1683671317,Device: id=1,RX,1.7579843103197,4975.6477953918,5256.925285043,505902855,178825434748
1683671318,Device: id=1,RX,1.7561162313133,4976.6696151059,5257.6482121161,507658988,179447524390
1683671319,Device: id=1,RX,1.7565549442037,4975.2445082554,5256.293299328,509415599,180069449800
1683671320,Device: id=1,RX,1.7585958688108,4976.4011344812,5257.7764734909,511174260,180691522980
1683671321,Device: id=1,RX,1.7577579585888,4974.0679436058,5255.30921698,512932067,181313298820
1683671322,Device: id=1,RX,1.7603787140331,4976.3217874185,5257.9823816638,514692484,181935352572
1683671323,Device: id=1,RX,1.7564283779551,4975.017869692,5256.0464101648,516448983,182557254810
1683671324,Device: id=1,RX,1.7604280254859,4975.9263343202,5257.594818398,518209462,183179263612
1683671325,Device: id=1,RX,1.7602359769404,4976.6299079692,5258.2676642796,519969753,183801361796
1683671326,Device: id=1,RX,1.7618884655635,4972.5977263149,5254.4998808051,521731672,184422947284
1683671327,Device: id=1,RX,1.7591501495105,4975.738827126,5257.2028510477,523490846,185044923070
1683671328,Device: id=1,RX,1.7583671090604,4976.1667148277,5257.5054522773,525249240,185666953422
1683671329,Device: id=1,RX,1.757096107703,4976.8630518245,5257.998429057,527006348,186289065514
1683671330,Device: id=1,RX,1.7617398927358,4976.7046788026,5258.5830616403,528768145,186911173764
1683671331,Device: id=1,RX,1.7599738818996,4973.8726077062,5255.4684288101,530528124,187532909648
1683671332,Device: id=1,RX,1.7595018262941,4977.553333846,5259.073626053,532287700,188155130044
1683671333,Device: id=1,RX,1.7580691928213,4976.8892628809,5258.1803337323,534045795,188777250334
1683671334,Device: id=1,RX,1.7603662016215,4977.7315183773,5259.3901106367,535806210,189399484022
1683671335,Device: id=1,RX,1.7594698714756,4976.1953211942,5257.7105006303,537565728,190021525452
1683671336,Device: id=1,RX,1.762300251657,4976.5001834482,5258.4682237133,539328034,190643590004
1683671337,Device: id=1,RX,1.7615131450306,4972.8889041855,5254.7310073904,541089563,191265206712
1683671338,Device: id=1,RX,1.7604553006832,4976.2478146913,5257.9206628007,542850055,191887250656
1683671339,Device: id=1,RX,1.7593011623117,4976.5133347529,5258.0015207228,544609374,192509321130
1683671340,Device: id=1,RX,1.7582233483048,4968.9792018044,5250.2949375331,546367645,193130460364
1683671341,Device: id=1,RX,1.7598652211964,4975.6581227679,5257.2365581593,548127546,193752430274
1683671342,Device: id=1,RX,1.7633818469034,4976.1205680288,5258.2616635333,549890978,194374463036
1683671343,Device: id=1,RX,1.7605178016729,4976.3526829479,5258.0355312156,551651531,194996519558
1683671344,Device: id=1,RX,1.7583130830793,4976.5026554444,5257.8327487371,553409865,195618589790
1683671345,Device: id=1,RX,1.7609831857319,4976.9624128865,5258.7197226036,555170898,196240727690
1683671346,Device: id=1,RX,1.7589136858854,4976.7093763952,5258.1355661369,556929859,196862833096
1683671347,Device: id=1,RX,1.7619358498565,4974.0361651171,5255.9459010942,558691834,197484601432
1683671348,Device: id=1,RX,1.7608149577966,4976.3274076226,5258.0578008701,560452683,198106654384
1683671349,Device: id=1,RX,1.7604397662869,4975.7015027331,5257.371865339,562213155,198728628460
1683671350,Device: id=1,RX,1.7597623427596,4976.636512842,5258.1984876835,563972947,199350718508
1683671351,Device: id=1,RX,1.7591957592869,4974.7566917219,5256.2280132078,565732146,199972564240
1683671352,Device: id=1,RX,1.7595766370258,4975.5555475048,5257.0878094289,567491756,200594520476
1683671353,Device: id=1,RX,1.759627914363,4975.2991326401,5256.8395989382,569251412,201216442794
1683671354,Device: id=1,RX,1.7584832174884,4975.715410349,5257.0727251472,571009906,201838411034
1683671355,Device: id=1,RX,1.7573547906497,4974.868309283,5256.045075787,572767295,202460281678
1683671356,Device: id=1,RX,1.7601695448508,4975.6551805103,5257.2823076865,574527481,203082244390
1683671357,Device: id=1,RX,1.7582028992142,4972.776317125,5254.0887809993,576285726,203703856314
1683671358,Device: id=1,RX,1.7575474850887,4976.5458761724,5257.7534737866,578043321,204325941366
1683671359,Device: id=1,RX,1.7605199215474,4976.8191015251,5258.5022889727,579803906,204948066750
1683671360,Device: id=1,RX,1.760054116463,4976.9582824511,5258.5669410852,581563979,205570193210
1683671361,Device: id=1,RX,1.7613608295189,4975.6970463321,5257.5147790551,583325375,206192167760
1683671362,Device: id=1,RX,1.762260406284,4975.3344037803,5257.2960687857,585087636,206814084770
1683671363,Device: id=1,RX,1.7596690423538,4975.5629161873,5257.109962964,586847333,207436040016
1683671364,Device: id=1,RX,1.7610971132855,4975.9362705515,5257.7118086772,588608469,208058045784
1683671365,Device: id=1,RX,1.7539524090999,4969.0873612152,5249.7197466712,590362456,208679193954
1683671366,Device: id=1,RX,1.7590226764432,4976.7290461241,5258.172674355,592121535,209301305004
1683671367,Device: id=1,RX,1.7598089907117,4968.1284645386,5249.6979030525,593881365,209922328476
1683671368,Device: id=1,RX,1.7594784280052,4975.0573021155,5256.5738505964,595640871,210544220384
1683671369,Device: id=1,RX,1.7586464551682,4975.9129156705,5257.2963484974,597399540,211166217472
1683671370,Device: id=1,RX,1.7613983719839,4975.608327559,5257.4320670764,599160942,211788169794
1683671371,Device: id=1,RX,1.7609695599833,4977.5999532581,5259.3550828554,600921968,212410389730
1683671372,Device: id=1,RX,1.7581862610876,4972.9361375382,5254.2459393122,602680174,213032013726
1683671373,Device: id=1,RX,1.7604158213836,4976.4684109776,5258.1349423989,604440597,213654074814
1683671374,Device: id=1,RX,1.7609812004605,4976.8884466861,5258.6454387598,606201607,214276196044
1683671375,Device: id=1,RX,1.7604163806411,4976.8495276334,5258.516148536,607962040,214898308108
1683671376,Device: id=1,RX,1.7592429411487,4976.0343548512,5257.5132254349,609721304,215520319848
1683671377,Device: id=1,RX,1.7571064774576,4975.6368006498,5256.773837043,611478441,216142285252
1683671378,Device: id=1,RX,1.7584001771438,4974.3045990249,5255.6486273679,613236857,216764078922
1683671379,Device: id=1,RX,1.7597421934697,4977.1344902222,5258.6932411773,614996614,217386225968
1683671380,Device: id=1,RX,1.7596276824131,4976.3155683899,5257.855997576,616756271,218008275778
1683671381,Device: id=1,RX,1.7591572681515,4975.9666086015,5257.4317715058,618515464,218630284238
1683671382,Device: id=1,RX,1.7576605150315,4973.6901152583,5254.9157976634,620273181,219252015482
1683671383,Device: id=1,RX,1.7588292860723,4975.8760486494,5257.288734421,622032018,219874002716
1683671384,Device: id=1,RX,1.759421624805,4976.4817034497,5257.9891634185,623791489,220496080386
1683671385,Device: id=1,RX,1.7567599567031,4975.4510496727,5256.5326427452,625548316,221118035502
1683671386,Device: id=1,RX,1.7607086208048,4976.6032944012,5258.31667373,627309100,221740137546
1683671387,Device: id=1,RX,1.7590175952251,4976.5416643901,5257.9844796261,629068127,222362208580
1683671388,Device: id=1,RX,1.7588562038472,4972.9719439509,5254.3889365665,630827002,222983836716
1683671389,Device: id=1,RX,1.7594257201381,4975.6930995096,5257.2012147317,632586477,223605815774
1683671390,Device: id=1,RX,1.7595570683992,4976.1332145502,5257.6623454941,634346082,224227849370
1683671391,Device: id=1,RX,1.7609686444332,4976.1606848997,5257.915668009,636107112,224849891128
1683671392,Device: id=1,RX,1.7602939366072,4974.5498119907,5256.1968418479,637867455,225471727186
1683671393,Device: id=1,RX,1.7586897056162,4976.0408744003,5257.4312272989,639626174,226093742656
1683671394,Device: id=1,RX,1.7600388204618,4977.5049642623,5259.1111755362,641386274,226715952404
1683671395,Device: id=1,RX,1.7605442116046,4976.6935078938,5258.3805817506,643146836,227338045378
1683671396,Device: id=1,RX,1.7596065810301,4976.0570216261,5257.5940745909,644906482,227960066440
1683671397,Device: id=1,RX,1.760897123755,4977.2173549959,5258.9608947967,646667434,228582237998
1683671398,Device: id=1,RX,1.7589426534127,4973.9946469299,5255.425471476,648426395,229203993814
1683671399,Device: id=1,RX,1.7592261537956,4975.9655326804,5257.4417172877,650185674,229826008190
1683671400,Device: id=1,RX,1.7590926366665,4974.8755920494,5256.3304139161,651944815,230447884736
1683671401,Device: id=1,RX,1.7598437818209,4969.3710925544,5250.9460976457,653704711,231069074554
1683671402,Device: id=1,RX,1.7585664860771,4976.1238031624,5257.4944409348,655463316,231691103652
1683671403,Device: id=1,RX,1.760395058846,4976.9181332896,5258.5813427049,657223724,232313222992
1683671404,Device: id=1,RX,1.7614341683054,4976.0775140965,5257.9069810254,658985183,232935241450
1683671405,Device: id=1,RX,1.7600749427133,4977.9089701605,5259.5209609947,660745291,233557491758
1683671406,Device: id=1,RX,1.7589562775413,4976.7992895143,5258.2322939209,662504281,234179603596
1683671407,Device: id=1,RX,1.7614048687904,4976.4634833203,5258.2882623268,664265750,234801684180
1683671408,Device: id=1,RX,1.760001192117,4977.030069036,5258.6302597747,666025791,235423827010
1683671409,Device: id=1,RX,1.7612098111277,4973.5365667915,5255.3301365719,667787062,236045540680
1683671410,Device: id=1,RX,1.7627770633348,4976.588373078,5258.6327032116,669549870,236667625144
1683671411,Device: id=1,RX,1.7608802942592,4976.1164404493,5257.8572875307,671310762,237289643834
1683671412,Device: id=1,RX,1.7584002613771,4974.6087369129,5255.9527787332,673069172,237911473370
1683671413,Device: id=1,RX,1.7625536588896,4976.4607574581,5258.4693428804,674831727,238533531438
1683671414,Device: id=1,RX,1.7601709862836,4976.1135165312,5257.7408743366,676591957,239155566482
1683671415,Device: id=1,RX,1.7601461994082,4976.0836020475,5257.7069939528,678352158,239777596298
1683671416,Device: id=1,RX,1.7628955656241,4975.0780417087,5257.1413322086,680115077,240399489320
1683671417,Device: id=1,RX,1.7588940653993,4974.2011437321,5255.624194196,681874015,241021279994
1683671418,Device: id=1,RX,1.7602385796287,4977.3114441142,5258.9496168548,683634278,241643452556
1683671419,Device: id=1,RX,1.7583550342713,4972.5860018747,5253.9228073581,685392673,242265039934
1683671420,Device: id=1,RX,1.759515422245,4976.1694021983,5257.6918697575,687152242,242887080050
1683671421,Device: id=1,RX,1.7598180130266,4976.3569544058,5257.9278364901,688912084,243509133148
1683671422,Device: id=1,RX,1.7591407207482,4974.6364362573,5256.098951577,690671274,244130980122
1683671423,Device: id=1,RX,1.7595110221327,4975.8021573439,5257.3239208852,692430836,244752973412
1683671424,Device: id=1,RX,1.7589845708959,4975.4908736129,5256.9284049563,694189861,245374924066
1683671425,Device: id=1,RX,1.7593973620735,4975.9272492234,5257.4308271552,695949292,245996926864
1683671426,Device: id=1,RX,1.7595460159147,4975.2035278107,5256.730890357,697708862,246618835782
1683671427,Device: id=1,RX,1.7609978327729,4977.4455821616,5259.2052354053,699469899,247241030318
1683671428,Device: id=1,RX,1.7595775983301,4976.0378729537,5257.5702886865,701229509,247863046506
1683671429,Device: id=1,RX,1.7604056740248,4973.6167100011,5255.2816178451,702989960,248484764602
1683671430,Device: id=1,RX,1.7589164581923,4974.6845796233,5256.1112129341,704748877,249106600366
1683671431,Device: id=1,RX,1.7587993495945,4976.1577287936,5257.5656247287,706507701,249728628800
1683671432,Device: id=1,RX,1.7629064829789,4976.3037944534,5258.3688317301,708270626,250350673308
1683671433,Device: id=1,RX,1.7568285724579,4973.6728630871,5254.7654346804,710027465,250972386106
1683671434,Device: id=1,RX,1.7598794294551,4976.861552241,5258.4422609538,711787384,251594507788
1683671435,Device: id=1,RX,1.7581021905491,4975.528897352,5256.8252478399,713545555,252216473242
1683671436,Device: id=1,RX,1.7600752070289,4975.6708634213,5257.2828965459,715305663,252838443688
1683671437,Device: id=1,RX,1.7619796478836,4976.6186142075,5258.5353578689,717067695,253460539498
1683671438,Device: id=1,RX,1.7600597294954,4975.9979064414,5257.6074631607,718827788,254082550994
1683671439,Device: id=1,RX,1.7591135719249,4968.5533914892,5250.0115629972,720586918,254703625968
1683671440,Device: id=1,RX,1.7615402852224,4976.0246689716,5257.8711146072,722348508,255325646606
1683671441,Device: id=1,RX,1.7573805175087,4977.1724670373,5258.3533498387,724105931,255947808204
1683671442,Device: id=1,RX,1.7599109266511,4975.7467675612,5257.3325158254,725865879,256569789652
1683671443,Device: id=1,RX,1.7569066853517,4972.4866534391,5253.5917230953,727622818,257191361916
1683671444,Device: id=1,RX,1.7585198632894,4976.623780565,5257.9869586913,729381414,257813466822
1683671445,Device: id=1,RX,1.7590650892035,4976.0322910957,5257.4827053683,731140536,258435490982
1683671446,Device: id=1,RX,1.759539070087,4977.814058062,5259.340309276,732900125,259057735396
1683671447,Device: id=1,RX,1.756502562875,4976.6573799804,5257.6977900404,734656695,259679841452
1683671448,Device: id=1,RX,1.7568271609251,4975.4830154153,5256.5753611633,736413526,260301778188
1683671449,Device: id=1,RX,1.7583207624348,4976.2180076342,5257.5493296238,738171868,260923812952
1683671450,Device: id=1,RX,1.7584455582552,4973.9345920639,5255.2858813847,739930385,261545580036
1683671451,Device: id=1,RX,1.7612937109588,4977.141471294,5258.9484650474,741691718,262167736598
1683671452,Device: id=1,RX,1.7598362836129,4976.6663897989,5258.240195177,743451598,262789835350
1683671453,Device: id=1,RX,1.757945014213,4973.9243144355,5255.1955167096,745209550,263411578360
1683671454,Device: id=1,RX,1.7624777407659,4976.8265970676,5258.8230355902,746972067,264033695542
1683671455,Device: id=1,RX,1.7581337694724,4977.1296079852,5258.4310111007,748730220,264655843548
1683671456,Device: id=1,RX,1.7589229462143,4977.3281934358,5258.75586483,750489183,265278023740
1683671457,Device: id=1,RX,1.7630401502041,4975.8240215396,5257.9104455723,752252231,265900004512
1683671458,Device: id=1,RX,1.7571649167437,4975.8456522393,5256.9920389183,754009396,266521985248
1683671459,Device: id=1,RX,1.7591001478757,4974.9575065465,5256.4135302066,755768525,267143865136
1683671460,Device: id=1,RX,1.7470264448371,4925.7290720101,5205.253303184,757515594,267759596268
1683671461,Device: id=1,RX,1.7593896230153,4976.2182294373,5257.7205691197,759275006,268381631458
1683671462,Device: id=1,RX,1.7608256833101,4976.7357103019,5258.4678196315,761035894,269003745438
1683671463,Device: id=1,RX,1.7604242740912,4977.1396049871,5258.8074888417,762796368,269625905462
1683671464,Device: id=1,RX,1.7612517287479,4976.6384877877,5258.4387643873,764557626,270247987488
1683671465,Device: id=1,RX,1.7599257826353,4977.0509898708,5258.6391150924,766317605,270870137674
1683671466,Device: id=1,RX,1.7611403253128,4976.6035562393,5258.3860082894,768078796,271492231018
1683671467,Device: id=1,RX,1.7586923312022,4976.4126086955,5257.8033816878,769837538,272114300162
1683671468,Device: id=1,RX,1.7582471660396,4975.7072329191,5257.0267794854,771595852,272736287208
1683671469,Device: id=1,RX,1.7606789563855,4977.2296341153,5258.938267137,773356568,273358454002
1683671470,Device: id=1,RX,1.7569296518838,4973.3771854266,5254.485929728,775113544,273980142550
1683671471,Device: id=1,RX,1.7609564314729,4975.60675901,5257.3597880456,776874545,274602109136
1683671472,Device: id=1,RX,1.7602065098339,4976.6261829873,5258.2592245607,778634793,275224202072
1683671473,Device: id=1,RX,1.7605362832349,4974.311527552,5255.9973328696,780395335,275845993032
1683671474,Device: id=1,RX,1.7571017617094,4977.2029888724,5258.3392707459,782152463,276468152696
1683671475,Device: id=1,RX,1.760381649259,4976.9169690683,5258.5780329497,783912880,277090279810
1683671476,Device: id=1,RX,1.7619561870694,4977.5545049766,5259.4674949077,785674867,277712485004
1683671477,Device: id=1,RX,1.7602206291252,4976.3807329089,5258.0160335689,787435122,278334544742
1683671478,Device: id=1,RX,1.7588780880981,4976.4957578056,5257.9162519013,789194032,278956617998
1683671479,Device: id=1,RX,1.7595888376253,4975.9257512425,5257.4599652626,790953680,279578629630
1683671480,Device: id=1,RX,1.7604313749793,4975.9168846949,5257.5859046916,792714117,280200621228
1683671481,Device: id=1,RX,1.7619938872962,4976.465986592,5258.3850085594,794476132,280822686930
1683671482,Device: id=1,RX,1.7594992027734,4974.5344824434,5256.0543548871,796235659,281444513564
1683671483,Device: id=1,RX,1.7581818798499,4974.5676801247,5255.8767809007,797993867,282066343762
1683671484,Device: id=1,RX,1.7557513512885,4976.6509784989,5257.571194705,799749670,282688443434
1683671485,Device: id=1,RX,1.7622978026561,4975.1986604243,5257.1663088493,801511979,283310347218
1683671486,Device: id=1,RX,1.7605615469949,4975.1645214493,5256.8543689685,803272595,283932262018
1683671487,Device: id=1,RX,1.7596955241941,4977.3038196446,5258.8551035157,805032304,284554429760
1683671488,Device: id=1,RX,1.7618678024806,4976.1940181291,5258.092866526,806794172,285176454082
1683671489,Device: id=1,RX,1.7590353291366,4975.8183319968,5257.2639846587,808553239,285798442572
1683671490,Device: id=1,RX,1.7572731040242,4976.8034927327,5257.9671893765,810310528,286420548636
1683671491,Device: id=1,RX,1.7598259033092,4972.4965818078,5254.0687263372,812070370,287042116394
1683671492,Device: id=1,RX,1.7595735205233,4976.2020310539,5257.7337943376,813830012,287664165856
1683671493,Device: id=1,RX,1.7597619102279,4974.5629962941,5256.1249019306,815589793,288285992976
1683671494,Device: id=1,RX,1.7584126553511,4976.536328491,5257.8823533471,817348253,288908076766
1683671495,Device: id=1,RX,1.7576097124198,4976.9071595366,5258.1247135238,819105879,289530195926
1683671496,Device: id=1,RX,1.7601351226099,4975.4857089208,5257.1073285384,820866045,290152142550
1683671497,Device: id=1,RX,1.7591585277949,4977.1288611333,5258.5942255805,822625241,290774296910
1683671498,Device: id=1,RX,1.7586774770607,4976.46003822,5257.8484345497,824383966,291396371224
1683671499,Device: id=1,RX,1.758942937641,4976.8031867089,5258.2340567315,826142960,292018489682
1683671500,Device: id=1,RX,1.7614142531223,4977.3502293416,5259.1765098411,827904409,292640670734
1683671501,Device: id=1,RX,1.7567468605984,4973.8646432847,5254.9441409804,829661221,293262426868
1683671502,Device: id=1,RX,1.7601650168739,4976.9062312248,5258.5326339247,831421452,293884563468
1683671503,Device: id=1,RX,1.7592153681715,4977.0109029964,5258.4853619038,833180691,294506698188
1683671504,Device: id=1,RX,1.7572240315166,4973.729581865,5254.8854269077,834937918,295128415436
1683671505,Device: id=1,RX,1.7587054678785,4975.3286412911,5256.7215161517,836696683,295750352568
1683671506,Device: id=1,RX,1.7579960746479,4976.6899433363,5257.96931528,838454697,296372445154
1683671507,Device: id=1,RX,1.7587409714061,4977.2755279161,5258.6740833411,840213491,296994623354
1683671508,Device: id=1,RX,1.7596710398405,4975.9159030687,5257.4632694431,841973188,297616622018
1683671509,Device: id=1,RX,1.7586742317471,4977.7531566978,5259.1410337774,843731905,298238856294
1683671510,Device: id=1,RX,1.7584677903103,4975.6817493514,5257.036595801,845490415,298860831442
1683671511,Device: id=1,RX,1.7593809123833,4974.1699482377,5255.6708942191,847249827,299482613672
1683671512,Device: id=1,RX,1.7600614316069,4975.8487015793,5257.4585306364,849009929,300104609096
1683671513,Device: id=1,RX,1.7583935681458,4976.1887514222,5257.5317223255,850768365,300726647700
1683671514,Device: id=1,RX,1.7584697725078,4976.9977587035,5258.3529223048,852526893,301348793020
1683671515,Device: id=1,RX,1.7586132962913,4976.4717093938,5257.8498368004,854285545,301970865674
1683671516,Device: id=1,RX,1.7584932236395,4976.0518373152,5257.4107530975,856044047,302592875258
1683671517,Device: id=1,RX,1.760699159498,4976.8175781069,5258.5294436266,857804783,303214990472
1683671518,Device: id=1,RX,1.7590992963336,4974.9835390897,5256.4394265031,859563931,303836880632
1683671519,Device: id=1,RX,1.7598726215882,4976.1485397143,5257.7281591684,861323817,304458903928
1683671520,Device: id=1,RX,1.7587424289782,4976.2122446666,5257.6110333031,863082605,305080946576
1683671521,Device: id=1,RX,1.7597830946078,4975.1931270111,5256.7584221484,864842440,305702864060
1683671522,Device: id=1,RX,1.7558126621706,4973.8177566048,5254.7477825521,866598282,306324601668
1683671523,Device: id=1,RX,1.7594243993078,4975.4890317094,5256.9969355986,868357733,306946547200
1683671524,Device: id=1,RX,1.7592661844096,4972.7442352109,5254.2268247165,870117029,307568150764
1683671525,Device: id=1,RX,1.7571887573312,4969.1106131226,5250.2608142956,871874277,308189310532
1683671526,Device: id=1,RX,1.758464447609,4976.502784544,5257.8570961615,873632821,308811401522
1683671527,Device: id=1,RX,1.760234144051,4975.1573902226,5256.7948532707,875393062,309433298618
1683671528,Device: id=1,RX,1.7597242911056,4977.113559681,5258.6694462579,877152808,310055445488
1683671529,Device: id=1,RX,1.7592765060995,4977.9305880569,5259.4148290328,878912144,310677707854
1683671530,Device: id=1,RX,1.7570351838548,4977.0224775348,5258.1481069516,880669197,311299841972
1683671531,Device: id=1,RX,1.7634088574159,4977.3823569386,5259.5277741252,882432651,311922030694
1683671532,Device: id=1,RX,1.7592723507982,4974.1341233833,5255.617699511,884191974,312543815360
1683671533,Device: id=1,RX,1.7588580322299,4976.8683391355,5258.2856242923,885950862,313165934502
1683671534,Device: id=1,RX,1.7594045940437,4974.1642142612,5255.6689493082,887710294,313787714714
1683671535,Device: id=1,RX,1.7598040830888,4975.8889119729,5257.4575652671,889470117,314409707514
1683671536,Device: id=1,RX,1.7623355512488,4977.2798873192,5259.253575519,891232474,315031875072
1683671537,Device: id=1,RX,1.7595495097505,4975.6865285576,5257.2144501177,892992084,315653857270
1683671538,Device: id=1,RX,1.7575430038773,4975.8523615773,5257.0592421976,894749644,316275844830
1683671539,Device: id=1,RX,1.7627516899735,4976.620483828,5258.6607542238,896512405,316897925676
1683671540,Device: id=1,RX,1.7595094795974,4977.0983092449,5258.6198259805,898271989,317520089314
1683671541,Device: id=1,RX,1.7603345894751,4977.2859792668,5258.9395135828,900032339,318142255508
1683671542,Device: id=1,RX,1.7592729958913,4973.0477632299,5254.5314425725,901791624,318763890720
1683671543,Device: id=1,RX,1.7572565423407,4976.0944266693,5257.2554734438,903548922,319385917198
1683671544,Device: id=1,RX,1.7587091256543,4973.4070928513,5254.800552956,905307643,320007597282
1683671545,Device: id=1,RX,1.7602885543043,4975.9458224141,5257.5919911028,907067983,320629608688
1683671546,Device: id=1,RX,1.7596988538307,4976.6624551549,5258.2142717679,908827708,321251700738
1683671547,Device: id=1,RX,1.7595312527262,4974.4252772516,5255.9502776878,910587279,321873517944
1683671548,Device: id=1,RX,1.760815929751,4976.170317116,5257.9008658761,912348101,322495541378
1683671549,Device: id=1,RX,1.7583240662173,4975.2860413988,5256.6178919936,914106457,323117463428
1683671550,Device: id=1,RX,1.7589302203173,4976.6216386494,5258.0504739001,915865444,323739561214
1683671551,Device: id=1,RX,1.757543342277,4976.895294291,5258.1022290553,917623006,324361679730
1683671552,Device: id=1,RX,1.7585819997465,4972.670062787,5254.0431827465,919381610,324983271264
1683671553,Device: id=1,RX,1.7582519462591,4976.5960507062,5257.9163621076,921139879,325605351804
1683671554,Device: id=1,RX,1.7616698828413,4972.9808661164,5254.848047371,922901589,326226988568
1683671555,Device: id=1,RX,1.761812374965,4976.4464153064,5258.3363953008,924663459,326849064716
1683671556,Device: id=1,RX,1.7618403129958,4975.5447545744,5257.4392046537,926425321,327471015466
1683671557,Device: id=1,RX,1.7611458200457,4977.0395221273,5258.8228533346,928186523,328093165252
1683671558,Device: id=1,RX,1.7608226365124,4976.2679168175,5257.9995386595,929947403,328715219006
1683671559,Device: id=1,RX,1.7609528491716,4976.2359802713,5257.9884361387,931708425,329337272930
1683671560,Device: id=1,RX,1.7620926210358,4975.6572340135,5257.5920533792,933470547,329959240454
1683671561,Device: id=1,RX,1.7573426727354,4976.4473958187,5257.6222234563,935227903,330581301096
1683671562,Device: id=1,RX,1.7598711227271,4975.71038526,5257.2897648963,936987789,331203270152
1683671563,Device: id=1,RX,1.7588003180814,4973.6796337401,5255.0876846331,938746608,331824986710
1683671564,Device: id=1,RX,1.7605887178381,4973.026578395,5254.7207732491,940507223,332446624312
1683671565,Device: id=1,RX,1.7599704789993,4976.5476121868,5258.1428888267,942267252,333068713448
1683671566,Device: id=1,RX,1.7616992640734,4976.850066944,5258.7219491957,944028989,333690833032
1683671567,Device: id=1,RX,1.7602717057623,4974.953387183,5256.5968601049,945789324,334312724566
1683671568,Device: id=1,RX,1.7585530803054,4976.6830014021,5258.051494251,947547888,334934813804
1683671569,Device: id=1,RX,1.7590897372085,4975.4457034613,5256.9000614147,949307000,335556752388
1683671570,Device: id=1,RX,1.7627965150532,4975.4382468728,5257.4856892813,951069849,336178700686
1683671571,Device: id=1,RX,1.7607879361237,4975.1787028915,5256.9047726713,952830640,336800599106
1683671572,Device: id=1,RX,1.7582336199748,4974.8775352152,5256.1949144111,954588913,337422472726
1683671573,Device: id=1,RX,1.7587932345565,4969.5678816456,5250.9747991746,956347771,338043691586
1683671574,Device: id=1,RX,1.759981233244,4976.3890524552,5257.9860497743,958107754,338665740842
1683671575,Device: id=1,RX,1.7575382560316,4974.706007813,5255.9121287781,959865326,339287591032
1683671576,Device: id=1,RX,1.7584724686952,4975.6380889025,5256.9936838937,961623854,339909565434
1683671577,Device: id=1,RX,1.7600097072756,4976.1888208106,5257.7903739746,963383871,340531591614
1683671578,Device: id=1,RX,1.7586572927374,4976.6397965827,5258.0249634207,965142568,341153685634
1683671579,Device: id=1,RX,1.758030117953,4975.8103642031,5257.0951830756,966900645,341775678516
1683671580,Device: id=1,RX,1.7597964869191,4976.4391181315,5258.0065560386,968660502,342397754796
1683671581,Device: id=1,RX,1.7585177715256,4975.9121867912,5257.2750302353,970419074,343019763000
1683671582,Device: id=1,RX,1.7556495896447,4976.8002977035,5257.7042320467,972174769,343641879128
1683671583,Device: id=1,RX,1.759049443927,4973.8838069696,5255.3317179979,973933867,344263631766
1683671584,Device: id=1,RX,1.7589598113845,4975.4504980237,5256.8840678452,975692872,344885579056
1683671585,Device: id=1,RX,1.7603255028248,4973.8998002583,5255.5518807103,977453241,345507331894
1683671586,Device: id=1,RX,1.7594149841554,4975.6712618667,5257.1776593316,979212707,346129308836
1683671587,Device: id=1,RX,1.7605471980957,4976.3282876869,5258.0158393822,980973313,346751370648
1683671588,Device: id=1,RX,1.7580810915491,4975.7314067513,5257.0243813992,982731454,347373358268
1683671589,Device: id=1,RX,1.7614930190315,4975.9191333729,5257.758016418,984492986,347995361924
1683671590,Device: id=1,RX,1.7591338576225,4975.9350752208,5257.3964924404,986252136,348617359516
1683671591,Device: id=1,RX,1.7619486279568,4975.172498974,5257.0842794471,988014102,349239262210
1683671592,Device: id=1,RX,1.7606586109749,4977.2232042439,5258.9285819999,989774783,349861423022
1683671593,Device: id=1,RX,1.7480629711263,4939.2139077463,5218.9039831265,991522879,350478836426
1683671594,Device: id=1,RX,1.7631558521755,4975.0920381496,5257.1969744977,993286059,351100731448
1683671595,Device: id=1,RX,1.7599547996382,4974.6121754388,5256.2049433809,995046018,351722559454
1683671596,Device: id=1,RX,1.7634054083804,4976.6680935183,5258.8129588592,996809470,352344659402
1683671597,Device: id=1,RX,1.7596968347735,4976.5472820363,5258.0987756001,998569205,352966741304
1683671598,Device: id=1,RX,1.7595710140663,4976.907070831,5258.4384330816,1000328778,353588855390
1683671599,Device: id=1,RX,1.7581752094815,4976.9290578625,5258.2370913795,1002086979,354210980648
1683671600,Device: id=1,RX,1.7599271228433,4976.1488470787,5257.7371867336,1003846974,354833023244
1683671601,Device: id=1,RX,1.7592279941961,4977.0112723737,5258.4877514451,1005606227,355455158496
1683671602,Device: id=1,RX,1.7615198701791,4977.3459596199,5259.1891388486,1007367763,356077332438
1683671603,Device: id=1,RX,1.7569102694841,4976.8587485655,5257.9643916829,1009124715,356699454558
1683671604,Device: id=1,RX,1.758824164677,4972.8010422672,5254.2129086156,1010883601,357321076542
1683671605,Device: id=1,RX,1.7591287518926,4975.0581088154,5256.5187091182,1012642770,357942973034
1683671606,Device: id=1,RX,1.7591629584575,4976.001927823,5257.4680011762,1014401989,358564993090
1683671607,Device: id=1,RX,1.7581968560486,4974.3539930346,5255.6654900024,1016160244,359186807902
1683671608,Device: id=1,RX,1.7567679891344,4976.452735025,5257.5356132865,1017917015,359808865560
1683671609,Device: id=1,RX,1.7625674100108,4976.1114241496,5258.1222097513,1019679616,360430891342
1683671610,Device: id=1,RX,1.7606751333756,4975.6648670287,5257.3728883688,1021440354,361052871658
1683671611,Device: id=1,RX,1.7606787745431,4976.0134468191,5257.722050746,1023201075,361674888256
1683671612,Device: id=1,RX,1.7586839023118,4976.3798667225,5257.7692910924,1024959772,362296940372
1683671613,Device: id=1,RX,1.7585566331309,4977.3193048648,5258.6883661657,1026718372,362919120628
1683671614,Device: id=1,RX,1.7453025529926,4931.1866881621,5210.4350966409,1028463687,363535523360
1683671615,Device: id=1,RX,1.756367252279,4974.0401863814,5255.058946746,1030220070,364157283958
1683671616,Device: id=1,RX,1.7578249237017,4975.7910441559,5257.0430319482,1031977904,364779261050
1683671617,Device: id=1,RX,1.7618240232385,4976.0428043164,5257.9346480345,1033739764,365401279102
1683671618,Device: id=1,RX,1.758051533747,4976.0419214224,5257.330166822,1035497832,366023290168
1683671619,Device: id=1,RX,1.756991098814,4976.1854401607,5257.3040159709,1037254858,366645325704
1683671620,Device: id=1,RX,1.7577543373933,4976.0617339343,5257.3024279172,1039012622,367267336840
1683671621,Device: id=1,RX,1.7603312220638,4975.8975232754,5257.5505188056,1040772980,367889333492
1683671622,Device: id=1,RX,1.7603099253175,4975.1403763402,5256.789964391,1042533306,368511231718
1683671623,Device: id=1,RX,1.7579881130146,4976.5291520708,5257.8072501531,1044291321,369133307376
1683671624,Device: id=1,RX,1.7614967007852,4976.2614217313,5258.100893857,1046052870,369755358522
1683671625,Device: id=1,RX,1.7594449228401,4970.7950135626,5252.306201217,1047812322,370376710398
1683671626,Device: id=1,RX,1.7602173277387,4976.494297744,5258.1290701822,1049572548,370998775250
1683671627,Device: id=1,RX,1.7591126267048,4976.6355385773,5258.0935588501,1051331700,371620868616
1683671628,Device: id=1,RX,1.7607023272807,4975.448348248,5257.1607206129,1053092446,372242815086
1683671629,Device: id=1,RX,1.7620901905858,4977.4837444834,5259.4181749771,1054854570,372865012492
1683671630,Device: id=1,RX,1.7611686792525,4976.0441616812,5257.8311503616,1056615770,373487029074
1683671631,Device: id=1,RX,1.7597645953285,4975.3480823558,5256.9104176084,1058375544,374108950908
1683671632,Device: id=1,RX,1.7630757488286,4976.6045416561,5258.6966614687,1060138622,374731027270
1683671633,Device: id=1,RX,1.7581724487434,4976.0418064003,5257.3493981992,1061896835,375353046842
1683671634,Device: id=1,RX,1.7576834623026,4974.6181795636,5255.847533532,1063654522,375974875366
1683671635,Device: id=1,RX,1.7592626157658,4971.1902730222,5252.6722915447,1065413795,376596277818
1683671636,Device: id=1,RX,1.7591239338179,4974.8051208206,5256.2649502314,1067172930,377218132370
1683671637,Device: id=1,RX,1.7585242273899,4975.9900537917,5257.3539301741,1068931455,377840131400
1683671638,Device: id=1,RX,1.7590122515005,4975.3148137083,5256.7567739484,1070690496,378462055916
1683671639,Device: id=1,RX,1.7585081290258,4976.5211387556,5257.8824393997,1072449054,379084138700
1683671640,Device: id=1,RX,1.7587550659246,4976.9797396233,5258.3805501713,1074207839,379706271756
1683671641,Device: id=1,RX,1.7602306053304,4976.5790377153,5258.2159345682,1075968072,380328344982
1683671642,Device: id=1,RX,1.7577020031836,4975.8389094898,5257.0712299992,1077725835,380950346430
1683671643,Device: id=1,RX,1.7636160068351,4976.8377127078,5259.0162738015,1079489602,381572504406
1683671644,Device: id=1,RX,1.7588054838091,4976.4564296996,5257.865307109,1081248434,382194570838
1683671645,Device: id=1,RX,1.7588316150494,4972.5104501753,5253.9235085832,1083007293,382816144322
1683671646,Device: id=1,RX,1.7571356817503,4974.0376677571,5255.1793768371,1084764436,383437901620
1683671647,Device: id=1,RX,1.7604544042761,4976.0329519711,5257.7056566553,1086524902,384059909836
1683671648,Device: id=1,RX,1.761293509358,4975.8359592731,5257.6429207703,1088286231,384681901864
1683671649,Device: id=1,RX,1.7617047369117,4976.4343988131,5258.307156719,1090047959,385303964378
1683671650,Device: id=1,RX,1.7576825868442,4976.598325467,5257.8275393621,1091805653,385926043208
1683671651,Device: id=1,RX,1.7591833928563,4975.5960362931,5257.0653791501,1093564844,386547995402
1683671652,Device: id=1,RX,1.7607151032887,4975.9826074997,5257.6970240259,1095325580,387170000610
1683671653,Device: id=1,RX,1.7599292009393,4976.5227906368,5258.111462787,1097085542,387792077552
1683671654,Device: id=1,RX,1.763451157655,4975.1428125584,5257.2949977832,1098849057,388413992918
1683671655,Device: id=1,RX,1.7598390687632,4973.5449413868,5255.1191923889,1100608947,389035704028
1683671656,Device: id=1,RX,1.7596042826817,4973.331635246,5254.8683204751,1102368586,389657382748
1683671657,Device: id=1,RX,1.760473993916,4976.7896180805,5258.4654571071,1104129067,390279483926
1683671658,Device: id=1,RX,1.7585637879525,4975.9235304729,5257.2937365453,1105887671,390901488590
1683671659,Device: id=1,RX,1.7605772722481,4976.4832072008,5258.1755707605,1107648255,391523551368
1683671660,Device: id=1,RX,1.7592247717209,4976.524847759,5258.0008112343,1109407532,392145635442
1683671661,Device: id=1,RX,1.7616086096905,4975.3454519189,5257.2028294694,1111169209,392767577768
1683671662,Device: id=1,RX,1.7589596764575,4975.8565761646,5257.2901243978,1112928216,393389576574
1683671663,Device: id=1,RX,1.757066933292,4975.8120048112,5256.942714138,1114685298,394011558408
1683671664,Device: id=1,RX,1.7605755485913,4977.6132579789,5259.3053457535,1116445926,394633778602
1683671665,Device: id=1,RX,1.7570821755513,4976.1240313674,5257.2571794556,1118203055,395255810682
1683671666,Device: id=1,RX,1.7594948112696,4971.205251189,5252.7244209921,1119962585,395877223766
1683671667,Device: id=1,RX,1.7598391341536,4965.4174681604,5246.991729625,1121722444,396497907956
1683671668,Device: id=1,RX,1.7575652657383,4970.9725378205,5252.1829803387,1123480282,397119375946
1683671669,Device: id=1,RX,1.7582029881679,4977.0434363652,5258.3559144721,1125238509,397741514872
1683671670,Device: id=1,RX,1.7595590823637,4976.6720409655,5258.2014941437,1126998090,398363606626
1683671671,Device: id=1,RX,1.759471292679,4975.9866857792,5257.5020926078,1128757578,398985610868
1683671672,Device: id=1,RX,1.7601035838576,4976.5262935057,5258.1428669229,1130517699,399607682810
1683671673,Device: id=1,RX,1.757130489943,4977.0894974121,5258.230375803,1132274865,400229831570
1683671674,Device: id=1,RX,1.759802162433,4975.8369333207,5257.40527931,1134034687,400851818198
1683671675,Device: id=1,RX,1.7599665167816,4976.2817824337,5257.8764251188,1135794671,401473859600
1683671676,Device: id=1,RX,1.7548657444863,4969.8832894802,5250.661808598,1137549586,402095112448
1683671677,Device: id=1,RX,1.7574780269552,4974.4868612917,5255.6833456045,1139307096,402716934618
1683671678,Device: id=1,RX,1.7583701579305,4977.207371815,5258.5465970838,1141065475,403339088668
1683671679,Device: id=1,RX,1.7603174736939,4976.8249039761,5258.4756997671,1142825845,403961210344
1683671680,Device: id=1,RX,1.7598643770682,4976.1025125551,5257.680812886,1144585732,404583231154
1683671681,Device: id=1,RX,1.7600190359276,4977.2489950958,5258.8520408442,1146345782,405205398224
1683671682,Device: id=1,RX,1.7601509421734,4977.7044965484,5259.3286472961,1148105994,405827632870
1683671683,Device: id=1,RX,1.7596851233636,4976.5093982241,5258.0590179622,1149865718,406449710288
1683671684,Device: id=1,RX,1.7601804131092,4976.4090124271,5258.0378785246,1151625919,407071768690
1683671685,Device: id=1,RX,1.7606210675106,4976.8519292798,5258.5513000815,1153386600,407693896358
1683671686,Device: id=1,RX,1.7551320214516,4969.3966901186,5250.2178135508,1155141765,408315082616
1683671687,Device: id=1,RX,1.7588238883662,4975.1597842274,5256.571606366,1156900624,408936990004
1683671688,Device: id=1,RX,1.7620148510251,4975.9269633678,5257.8493395318,1158662682,409558996106
1683671689,Device: id=1,RX,1.7595464557671,4975.973133468,5257.5005663907,1160422269,410181007080
1683671690,Device: id=1,RX,1.7596355025369,4976.14768978,5257.6893701859,1162181915,410803029252
1683671691,Device: id=1,RX,1.761192439556,4975.4972346604,5257.2880249894,1163943136,411424976492
1683671692,Device: id=1,RX,1.758274284156,4975.7439018179,5257.0677872829,1165701468,412046964896
1683671693,Device: id=1,RX,1.7591888338042,4975.2803899544,5256.7506033631,1167460681,412668883488
1683671694,Device: id=1,RX,1.7600736511145,4976.328637488,5257.9404216663,1169220767,413290928932
1683671695,Device: id=1,RX,1.7603507738795,4977.4196648496,5259.0757886703,1170981168,413913124142
1683671696,Device: id=1,RX,1.7514322477394,4946.6066670099,5226.8358266483,1172732652,414531468246
1683671697,Device: id=1,RX,1.759384347985,4976.3834079492,5257.8849036268,1174492070,415153528070
1683671698,Device: id=1,RX,1.7612987110692,4975.2634332106,5257.0712269817,1176253388,415775442810
1683671699,Device: id=1,RX,1.7606135769063,4976.4856615683,5258.1838338733,1178014042,416397517800
1683671700,Device: id=1,RX,1.7570063535164,4974.4306465301,5255.5516630927,1179771065,417019327522
1683671701,Device: id=1,RX,1.7617373623129,4975.6160979353,5257.4940759054,1181532852,417641297058
1683671702,Device: id=1,RX,1.7590692240305,4976.3465940348,5257.7976698797,1183291987,418263363642
1683671703,Device: id=1,RX,1.7615467212826,4975.4618168891,5257.3092922943,1185053542,418885299292
1683671704,Device: id=1,RX,1.759489820972,4976.8604384137,5258.3788097693,1186813065,419507418578
1683671705,Device: id=1,RX,1.7598508980971,4976.7571313901,5258.3332750857,1188572978,420129535172
1683671706,Device: id=1,RX,1.7591584878273,4976.0024470589,5257.4678051112,1190332182,420751551570
1683671707,Device: id=1,RX,1.756264089274,4970.6238952468,5251.6261495307,1192088470,421372888016
1683671708,Device: id=1,RX,1.7578516368171,4975.9900048731,5257.2462667639,1193846329,421994889372
1683671709,Device: id=1,RX,1.7596203282745,4975.1746565837,5256.7139091076,1195605977,422616795984
1683671710,Device: id=1,RX,1.7603001915277,4977.2021834399,5258.8502140843,1197366311,423238958206
1683671711,Device: id=1,RX,1.7582160995482,4976.1088668966,5257.4234428243,1199124541,423860976732
1683671712,Device: id=1,RX,1.7569349872905,4974.9940508019,5256.1036487684,1200881538,424482872938
1683671713,Device: id=1,RX,1.7593829171156,4976.1085635551,5257.6098302936,1202640964,425104901740
1683671714,Device: id=1,RX,1.7590115584849,4975.7598399292,5257.2016892868,1204400030,425726890970
1683671715,Device: id=1,RX,1.7584225576391,4974.9200455117,5256.2676547339,1206158499,426348772400
1683671716,Device: id=1,RX,1.7608209352368,4977.108804514,5258.8401541519,1207919331,426970914910
1683671717,Device: id=1,RX,1.7474713709736,4940.808984008,5220.4044033638,1209666861,427588536754
1683671718,Device: id=1,RX,1.7607750319428,4976.7466494787,5258.4706545895,1211427682,428210646326
1683671719,Device: id=1,RX,1.7590112198419,4975.8519926574,5257.2937878321,1213186746,428832646488
1683671720,Device: id=1,RX,1.7582980060554,4976.8172118201,5258.144892789,1214945051,429454751114
1683671721,Device: id=1,RX,1.7583033571515,4976.6164031589,5257.9449403032,1216703393,430076841836
1683671722,Device: id=1,RX,1.7605043835944,4975.7324857664,5257.4131871415,1218463924,430698817800
1683671723,Device: id=1,RX,1.7624667354953,4977.2039970777,5259.198674757,1220226424,431320980042
1683671724,Device: id=1,RX,1.760222539015,4975.8621390224,5257.4977452648,1221986697,431942980640
1683671725,Device: id=1,RX,1.7589876808493,4975.91665494,5257.3546838759,1223745697,432564974578
1683671726,Device: id=1,RX,1.7588830233179,4977.2147191793,5258.6360029102,1225504643,433187148694
1683671727,Device: id=1,RX,1.7596946807206,4974.3380137234,5255.8891626387,1227264345,433808943532
1683671728,Device: id=1,RX,1.7576936699381,4969.9939132353,5251.2249004254,1229022100,434430214448
1683671729,Device: id=1,RX,1.7598872889162,4976.2990120958,5257.8809783224,1230782006,435052258438
1683671730,Device: id=1,RX,1.7617238320031,4976.3171807751,5258.1929938956,1232543731,435674298498
1683671731,Device: id=1,RX,1.7579065283505,4975.9740630652,5257.2391076012,1234301689,436296313468
1683671732,Device: id=1,RX,1.7594945924751,4975.55433681,5257.073471606,1236061215,436918268862
1683671733,Device: id=1,RX,1.7576668608503,4976.9667841701,5258.1934819061,1237818906,437540398254
1683671734,Device: id=1,RX,1.7546530255994,4968.0149196179,5248.7594037138,1239573606,438161416744
1683671735,Device: id=1,RX,1.760752396148,4975.8567663957,5257.5771497793,1241334411,438783417422
1683671736,Device: id=1,RX,1.7588887957108,4976.5518549658,5257.9740622795,1243093343,439405501684
1683671737,Device: id=1,RX,1.7585466977034,4974.4081656586,5255.7756372912,1244851923,440027314480
1683671738,Device: id=1,RX,1.7589433587516,4973.9555074522,5255.3864448525,1246610892,440649067982
1683671739,Device: id=1,RX,1.7621310668574,4976.4851192749,5258.4260899721,1248373066,441271143778
1683671740,Device: id=1,RX,1.7602179047885,4975.8575852758,5257.492450042,1250133293,441893129190
1683671741,Device: id=1,RX,1.7611837897172,4976.2980023813,5258.087408736,1251894500,442515174638
1683671742,Device: id=1,RX,1.7578128708564,4975.8458177824,5257.0958771194,1253652331,443137161780
1683671743,Device: id=1,RX,1.7589865554698,4976.5480607187,5257.9859095939,1255411349,443759241408
1683671744,Device: id=1,RX,1.7601258875968,4977.1431666756,5258.7633086911,1257171534,444381405198
1683671745,Device: id=1,RX,1.7620713639384,4976.7513365184,5258.6827547486,1258933614,445003502164
1683671746,Device: id=1,RX,1.7580545392365,4975.6903366462,5256.979062924,1260691728,445625484492
1683671747,Device: id=1,RX,1.7614245227898,4974.7841070334,5256.6120306797,1262453157,446247334086
1683671748,Device: id=1,RX,1.7571550165724,4974.1535801185,5255.2983827701,1264210323,446869107170
1683671749,Device: id=1,RX,1.7600108023242,4976.2637180122,5257.865446384,1265970349,447491145506
1683671750,Device: id=1,RX,1.7585528603896,4975.8584970264,5257.2269546887,1267728952,448113145552
1683671751,Device: id=1,RX,1.7607269511547,4975.4757984331,5257.1921106178,1269489723,448735095586
1683671752,Device: id=1,RX,1.7592867099745,4976.2535161095,5257.7393897054,1271249066,449357147178
1683671753,Device: id=1,RX,1.7606078568373,4975.410867884,5257.1081249779,1273009686,449979077826
1683671754,Device: id=1,RX,1.7600764498773,4975.1402156823,5256.7524476627,1274769768,450600972314
1683671755,Device: id=1,RX,1.7577582027429,4975.6433004137,5256.8846128526,1276527543,451222933670
1683671756,Device: id=1,RX,1.7588933526134,4977.4360772395,5258.8590136576,1278286492,451845132864
1683671757,Device: id=1,RX,1.7577930261173,4975.1876398324,5256.4345240112,1280044313,452467041216
1683671758,Device: id=1,RX,1.7583732234279,4973.9817152829,5255.3214310313,1281802714,453088798752
1683671759,Device: id=1,RX,1.7587056595544,4975.90503428,5257.2979398087,1283561425,453710788770
1683671760,Device: id=1,RX,1.758548418464,4976.9556649667,5258.3234119209,1285319982,454332911264
1683671761,Device: id=1,RX,1.7580559893647,4976.1267968096,5257.415755108,1287078087,454954944454
1683671762,Device: id=1,RX,1.7605382628019,4975.6296686135,5257.3157906618,1288838666,455576912554
1683671763,Device: id=1,RX,1.7621594269501,4977.0321372742,5258.9776455862,1290600857,456199052718
1683671764,Device: id=1,RX,1.7594644909081,4976.8568359996,5258.3711545449,1292360380,456821180510
1683671765,Device: id=1,RX,1.7622964865041,4976.2081516446,5258.1755894853,1294122737,457443227888
1683671766,Device: id=1,RX,1.7607854627109,4975.723079319,5257.4487533527,1295883589,458065216776
1683671767,Device: id=1,RX,1.7572853635567,4974.2819026651,5255.4475608342,1297640929,458687021346
1683671768,Device: id=1,RX,1.7617700880484,4975.4190784056,5257.3022924934,1299402721,459308956466
1683671769,Device: id=1,RX,1.7587457872462,4970.3916600313,5251.7909859907,1301161514,459930272102
1683671770,Device: id=1,RX,1.7559185513064,4976.2853097565,5257.2322779655,1302917526,460552340870
1683671771,Device: id=1,RX,1.7595257965655,4975.4088890163,5256.9330164668,1304677106,461174286140
1683671772,Device: id=1,RX,1.7579707144787,4975.4537571111,5256.7290714277,1306435116,461796231758
1683671773,Device: id=1,RX,1.7589637766933,4976.7537673795,5258.1879716505,1308194104,462418334546
1683671774,Device: id=1,RX,1.7597989698151,4975.7785694967,5257.3464046671,1309953931,463040316774
1683671775,Device: id=1,RX,1.7587300164629,4975.9101021556,5257.3069047896,1311712693,463662316848
1683671776,Device: id=1,RX,1.7608557420101,4976.5126511627,5258.2495698843,1313473558,464284384200
1683671777,Device: id=1,RX,1.7584097548553,4976.7181941373,5258.0637549142,1315232027,464906494934
1683671778,Device: id=1,RX,1.7573911809733,4973.9809011539,5255.1634901096,1316989440,465528250266
1683671779,Device: id=1,RX,1.7524653838266,4953.0590373406,5233.4534987528,1318741939,466147394522
1683671780,Device: id=1,RX,1.7596382390621,4975.4292959511,5256.971414201,1320501594,466769329108
1683671781,Device: id=1,RX,1.7571474611714,4976.2802014107,5257.4237951981,1322258770,467391374236
1683671782,Device: id=1,RX,1.7589623693274,4975.5999251556,5257.033904248,1324017737,468013325864
1683671783,Device: id=1,RX,1.7609716651986,4975.7146893496,5257.4701557813,1325778712,468635291378
1683671784,Device: id=1,RX,1.7600157547847,4976.0631561402,5257.6656769058,1327538730,469257300066
1683671785,Device: id=1,RX,1.7591733938648,4976.0915102596,5257.5592532779,1329297964,469879332934
1683671786,Device: id=1,RX,1.7604952932382,4976.8279952782,5258.5072421963,1331058484,470501445164
1683671787,Device: id=1,RX,1.7592007061301,4976.1707686056,5257.6428815864,1332817728,471123481818
1683671788,Device: id=1,RX,1.7616939381963,4975.3023010283,5257.1733311397,1334579450,471745404512
1683671789,Device: id=1,RX,1.7586052816785,4969.5707878725,5250.947632941,1336338111,472366620542
1683671790,Device: id=1,RX,1.7578377233019,4976.6048555745,5257.8588913028,1338095992,472988711464
1683671791,Device: id=1,RX,1.7581772213284,4976.7040444641,5258.0123998767,1339854222,473610818144
1683671792,Device: id=1,RX,1.7581241655813,4976.6407450524,5257.9406115454,1341612373,474232907732
1683671793,Device: id=1,RX,1.7609767617205,4976.658234959,5258.4145168343,1343373371,474854997514
1683671794,Device: id=1,RX,1.756630839898,4968.1832787731,5249.2442131568,1345130020,475476026844
1683671795,Device: id=1,RX,1.7615020076042,4977.3434697563,5259.183790973,1346891576,476098213848
1683671796,Device: id=1,RX,1.7593747274215,4976.6683866718,5258.1683430592,1348650991,476720311636
1683671797,Device: id=1,RX,1.7584683622172,4976.5805934616,5257.9355314164,1350409484,477342392926
1683671798,Device: id=1,RX,1.7623618328079,4975.6142919928,5257.592185242,1352171895,477964362064
1683671799,Device: id=1,RX,1.7587037035274,4976.2475097287,5257.6401022931,1353930636,478586406194
1683671800,Device: id=1,RX,1.7578278192605,4972.3105400698,5253.5629911515,1355688477,479207949672
1683671801,Device: id=1,RX,1.7610972012486,4977.4417709775,5259.2173231773,1357449628,479830148900
1683671802,Device: id=1,RX,1.7619635911237,4976.9558317465,5258.8700063263,1359211600,480452271348
1683671803,Device: id=1,RX,1.7610569040393,4976.1689725339,5257.9380771802,1360972717,481074313696
1683671804,Device: id=1,RX,1.7572033097606,4975.7841101845,5256.9366397462,1362729923,481696287662
1683671805,Device: id=1,RX,1.7606416150726,4977.792886799,5259.4955452106,1364490580,482318517210
1683671806,Device: id=1,RX,1.7594793101689,4975.8657555784,5257.3824452054,1366250107,482940517288
1683671807,Device: id=1,RX,1.7589333860708,4976.652046901,5258.0813886723,1368009044,483562600072
1683671808,Device: id=1,RX,1.7575396394398,4975.9113713873,5257.1177136977,1369766594,484184592660
1683671809,Device: id=1,RX,1.7594803542713,4976.7870894237,5258.3039461071,1371526104,484806701528
1683671810,Device: id=1,RX,1.7597535707975,4972.7008482542,5254.2614195818,1373285873,485428294584
1683671811,Device: id=1,RX,1.7607286397036,4976.5981892184,5258.3147715709,1375046612,486050373018
1683671812,Device: id=1,RX,1.7603054461988,4976.4657025842,5258.114573976,1376806935,486672437434
1683671813,Device: id=1,RX,1.7580297736911,4976.4366420105,5257.7214058011,1378564967,487294492802
1683671814,Device: id=1,RX,1.76032110822,4975.7504615917,5257.4018389069,1380325308,487916468638
1683671815,Device: id=1,RX,1.7606636942873,4975.9296089992,5257.6358000851,1382085990,488538466306
1683671816,Device: id=1,RX,1.7616101061605,4975.8621364618,5257.7197534475,1383847658,489160469514
1683671817,Device: id=1,RX,1.7572668675242,4976.6658468626,5257.8285456665,1385604965,489782566952
1683671818,Device: id=1,RX,1.7586847664088,4973.5001722355,5254.8897348609,1387363674,490404263040
1683671819,Device: id=1,RX,1.7604128637156,4976.1496780933,5257.8157362878,1389124111,491026290278
1683671820,Device: id=1,RX,1.7588275256869,4973.4310031579,5254.8434072678,1390882993,491647988408
1683671821,Device: id=1,RX,1.7617680701809,4976.1283245712,5258.0112158002,1392644780,492270011132
1683671822,Device: id=1,RX,1.7594577178735,4975.2867583189,5256.7999931787,1394404269,492891933034
1683671823,Device: id=1,RX,1.7616379965271,4975.9551200062,5257.8171994505,1396165917,493513930956
1683671824,Device: id=1,RX,1.7600957571978,4975.7594817443,5257.3748028959,1397926021,494135903804
1683671825,Device: id=1,RX,1.758954550197,4975.576706587,5257.0094346185,1399685028,494757869438
1683671826,Device: id=1,RX,1.7604739327618,4976.777865317,5258.4536945589,1401445532,495379977296
1683671827,Device: id=1,RX,1.7586528775847,4977.5512338997,5258.9356943133,1403204240,496002190702
1683671828,Device: id=1,RX,1.7589752515517,4973.1471835042,5254.5832237525,1404963261,496623850268
1683671829,Device: id=1,RX,1.7623610765825,4975.8639513305,5257.8417235837,1406725634,497245837470
1683671830,Device: id=1,RX,1.7590340186546,4973.8974391072,5255.342882092,1408484696,497867584540
1683671831,Device: id=1,RX,1.7578255209283,4975.5391175065,5256.7912008551,1410242582,498489548328
1683671832,Device: id=1,RX,1.7582441720585,4977.0069296388,5258.3259971682,1412000858,499111685456
1683671833,Device: id=1,RX,1.7575295974782,4975.452353756,5256.6570893525,1413758423,499733629528
1683671834,Device: id=1,RX,1.760249320532,4975.7547754728,5257.394666758,1415518711,500355612542
1683671835,Device: id=1,RX,1.7585980171734,4975.8470041328,5257.2226868806,1417277376,500977617108
1683671836,Device: id=1,RX,1.7577807702908,4975.7916075342,5257.0365307808,1419035196,501599604940
1683671837,Device: id=1,RX,1.7608263058666,4976.9267696898,5258.6589786285,1420796028,502221722798
1683671838,Device: id=1,RX,1.7561044139538,4972.3843999349,5253.3611061675,1422552155,502843278842
1683671839,Device: id=1,RX,1.7574865437161,4975.877104622,5257.0749516166,1424309701,503465284522
1683671840,Device: id=1,RX,1.7596399275466,4976.4402706297,5257.9826590371,1426069385,504087355136
1683671841,Device: id=1,RX,1.760013481718,4972.8487455724,5254.4509026473,1427829436,504708974480
1683671842,Device: id=1,RX,1.7595349327589,4976.8115537478,5258.3371429892,1429589021,505331093626
1683671843,Device: id=1,RX,1.7571673764588,4976.2608426734,5257.4076229068,1431346214,505953135302
1683671844,Device: id=1,RX,1.7588322805236,4976.7623548497,5258.1755197335,1433105063,506575236510
1683671845,Device: id=1,RX,1.7584573101283,4975.9543465865,5257.307516207,1434863575,507197250148
1683671846,Device: id=1,RX,1.7592568062346,4975.8528920693,5257.3339810668,1436622863,507819242788
1683671847,Device: id=1,RX,1.762456872343,4975.6861365366,5257.6792361114,1438385340,508441210658
1683671848,Device: id=1,RX,1.7621428174248,4976.1390311025,5258.0818818905,1440147514,509063239044
1683671849,Device: id=1,RX,1.7567535893361,4971.5846998755,5252.6652741693,1441904271,509684688338
1683671850,Device: id=1,RX,1.7596680089622,4977.6437942597,5259.1906756936,1443663981,510306908660
1683671851,Device: id=1,RX,1.7503416949431,4943.0113301931,5223.066001384,1445414335,510924789420
1683671852,Device: id=1,RX,1.7598656263154,4976.0573881261,5257.6358883365,1447174261,511546817932
1683671853,Device: id=1,RX,1.7583454380612,4976.0990818875,5257.4343519773,1448932623,512168836176
1683671854,Device: id=1,RX,1.7606665436953,4976.9842775668,5258.690924558,1450693296,512790961492
1683671855,Device: id=1,RX,1.760132725456,4976.4781578053,5258.0993938783,1452453444,513413026660
1683671856,Device: id=1,RX,1.7606324905296,4975.6746604417,5257.3758589264,1454214129,514035004542
1683671857,Device: id=1,RX,1.7638784453607,4975.8519229947,5258.0724742525,1455978066,514657006680
1683671858,Device: id=1,RX,1.7590464976612,4977.3432439268,5258.7906835526,1457737130,515279180776
1683671859,Device: id=1,RX,1.7572963246924,4974.6945131042,5255.861925055,1459494492,515901040830
1683671860,Device: id=1,RX,1.7600333450119,4977.4398260311,5259.045161233,1461254570,516523236594
1683671861,Device: id=1,RX,1.7549637091546,4973.3803294784,5254.1745229432,1463009550,517144914906
1683671862,Device: id=1,RX,1.7591997134714,4976.4485749528,5257.9205291082,1464768758,517766973908
1683671863,Device: id=1,RX,1.7601028965234,4976.1278879265,5257.7443513702,1466528925,518389012548
1683671864,Device: id=1,RX,1.7592979480349,4976.7861153488,5258.2737870343,1468288291,519011134876
1683671865,Device: id=1,RX,1.7596544753175,4976.3987062085,5257.9434222593,1470047982,519633197626
1683671866,Device: id=1,RX,1.7617826154174,4976.2839456936,5258.1691641604,1471809779,520255238198
1683671867,Device: id=1,RX,1.7590424891481,4975.4778339381,5256.9246322018,1473568863,520877187604
1683671868,Device: id=1,RX,1.7599412536698,4978.1195689516,5259.7101695387,1475328819,521499457764
1683671869,Device: id=1,RX,1.7591030009832,4974.7244390055,5256.1809191628,1477087943,522121305742
1683671870,Device: id=1,RX,1.7576597114012,4977.1057807911,5258.3313346152,1478845621,522743450438
1683671871,Device: id=1,RX,1.7579743075744,4976.2978610511,5257.573750263,1480603643,523365504546
1683671872,Device: id=1,RX,1.7605589914882,4974.1894449385,5255.8788835766,1482364228,523987287412
1683671873,Device: id=1,RX,1.7611878952517,4974.9064216569,5256.6964848972,1484125473,524609170878
1683671874,Device: id=1,RX,1.759485713938,4975.3635803434,5256.8812945735,1485884979,525231098496
1683671875,Device: id=1,RX,1.7586766710134,4975.7878401123,5257.1761074745,1487643710,525853091190
1683671876,Device: id=1,RX,1.7584358656766,4976.8213367744,5258.1710752827,1489402158,526475198150
1683671877,Device: id=1,RX,1.7629027052444,4976.7362663488,5258.8006991879,1491165105,527097305814
1683671878,Device: id=1,RX,1.759621136187,4977.0018535343,5258.5412353242,1492924743,527719437008
1683671879,Device: id=1,RX,1.7568062883293,4974.7936370369,5255.8826431696,1494681624,528341312658
1683671880,Device: id=1,RX,1.7642070825775,4976.1612974559,5258.4344306683,1496445843,528963337022
1683671881,Device: id=1,RX,1.7607722643435,4976.6142795963,5258.3378418913,1498206640,529585422546
1683671882,Device: id=1,RX,1.7567566253691,4972.4214540374,5253.5025140964,1499963440,530206990574
1683671883,Device: id=1,RX,1.760222896115,4976.0666071724,5257.7022705508,1501723702,530829012718
1683671884,Device: id=1,RX,1.7581877010398,4975.8754353271,5257.1854674935,1503481895,531450999022
1683671885,Device: id=1,RX,1.7605254764132,4976.360323441,5258.0443996671,1505242444,532073052374
1683671886,Device: id=1,RX,1.7578440341144,4976.8457566128,5258.1008020711,1507000324,532695170822
1683671887,Device: id=1,RX,1.7588167740202,4975.434017236,5256.8447010793,1508759192,533317118188
1683671888,Device: id=1,RX,1.761012074221,4975.9461520164,5257.7080838918,1510520210,533939113550
1683671889,Device: id=1,RX,1.7605210972291,4974.0773465803,5255.7607221369,1512280743,534560877422
1683671890,Device: id=1,RX,1.7597022309451,4976.9637586076,5258.5161155588,1514040467,535183005588
1683671891,Device: id=1,RX,1.7587423267306,4976.5731388469,5257.9719111238,1515799252,535805092324
1683671892,Device: id=1,RX,1.7608249627658,4972.3061270058,5254.0381210483,1517560078,536426630956
1683671893,Device: id=1,RX,1.7559289164275,4976.6726127123,5257.6212393407,1519316028,537048722502
1683671894,Device: id=1,RX,1.7611257188216,4976.1694126866,5257.949527698,1521077216,537670765676
1683671895,Device: id=1,RX,1.756630330314,4976.366904977,5257.4277578272,1522833880,538292823462
1683671896,Device: id=1,RX,1.7613771897427,4975.5103706597,5257.3307210186,1524595325,538914786202
1683671897,Device: id=1,RX,1.7589746130988,4976.3916653722,5257.827603468,1526354342,539536850150
1683671898,Device: id=1,RX,1.7606253422715,4977.2465586722,5258.9466134356,1528115013,540159022104
1683671899,Device: id=1,RX,1.7575011426497,4972.7223391024,5253.9225219263,1529872576,540780634274
1683671900,Device: id=1,RX,1.7607896864987,4976.8661825329,5258.5925323727,1531633409,541402757850
1683671901,Device: id=1,RX,1.7585282741118,4975.5107321838,5256.8752560416,1533391963,542024705790
1683671902,Device: id=1,RX,1.7582249974286,4972.0234034232,5253.3394030118,1535150208,542646215786
1683671903,Device: id=1,RX,1.7617177710957,4975.8579545646,5257.7327979399,1536911997,543268223178
1683671904,Device: id=1,RX,1.7599745009527,4976.2113043743,5257.8072245268,1538671978,543890251888
1683671905,Device: id=1,RX,1.7569317756673,4975.5273661746,5256.6364502814,1540428935,544512201738
1683671906,Device: id=1,RX,1.7585119695516,4976.9447195754,5258.3066347037,1542187468,545134327268
1683671907,Device: id=1,RX,1.7560689128188,4976.1660356358,5257.1370616868,1543943559,545756355846
1683671908,Device: id=1,RX,1.7633694461237,4977.0288146578,5259.1679260376,1545706982,546378503342
1683671909,Device: id=1,RX,1.7586006397018,4973.697156148,5255.0732585003,1547465587,547000217028
1683671910,Device: id=1,RX,1.7580594674746,4975.9713279979,5257.2608427938,1549223649,547622214340
1683671911,Device: id=1,RX,1.7599292294035,4976.256054178,5257.8447308825,1550983624,548244262524
1683671912,Device: id=1,RX,1.761528659205,4975.0824838905,5256.9270693633,1552745212,548866168784
1683671913,Device: id=1,RX,1.7606937300795,4974.6479820898,5256.3589789025,1554505963,549488020008
1683671914,Device: id=1,RX,1.7568884976513,4977.7355764858,5258.83773611,1556263174,550110351172
1683671915,Device: id=1,RX,1.7627870230977,4976.9763680965,5259.0222917921,1558026009,550732490150
1683671916,Device: id=1,RX,1.7593415675118,4976.5616362388,5258.0562870407,1559785407,551354580308
1683671917,Device: id=1,RX,1.7604155330291,4976.929629343,5258.5961146276,1561545834,551976700564
1683671918,Device: id=1,RX,1.7619502184015,4976.3791493707,5258.2911843149,1563307816,552598759178
1683671919,Device: id=1,RX,1.7580479948394,4978.077740762,5259.3654199363,1565065892,553221028808
1683671920,Device: id=1,RX,1.7583090673146,4974.204897543,5255.5343483134,1566824239,553842817834
1683671921,Device: id=1,RX,1.7591516227537,4976.3988299084,5257.863089549,1568583450,554464888684
1683671922,Device: id=1,RX,1.7582053343913,4976.8249447512,5258.1377982538,1570341712,555087011852
1683671923,Device: id=1,RX,1.7566914371726,4973.8645050289,5254.9351349765,1572098460,555708764934
1683671924,Device: id=1,RX,1.7582643292985,4976.3410064539,5257.6632991417,1573856730,556330809566
1683671925,Device: id=1,RX,1.7592807427458,4975.9976510932,5257.4825699325,1575616014,556952810424
1683671926,Device: id=1,RX,1.759118076148,4977.6979841548,5259.1568763385,1577375163,557575033610
1683671927,Device: id=1,RX,1.7597916974129,4976.6367774006,5258.2034489867,1579134991,558197126040
1683671928,Device: id=1,RX,1.7584874922483,4976.370094122,5257.7280928817,1580893538,558819193352
1683671929,Device: id=1,RX,1.7572082179833,4975.1392956978,5256.2926105751,1582650755,559441088872
1683671930,Device: id=1,RX,1.7587144023237,4975.397259235,5256.7915636068,1584409488,560063020106
1683671931,Device: id=1,RX,1.7631481744673,4975.9611376758,5258.0648455906,1586172679,560685030356
1683671932,Device: id=1,RX,1.7628936958113,4975.8531456628,5257.9161369926,1587935609,561307024808
1683671933,Device: id=1,RX,1.7590496108102,4973.5685409837,5255.0164787133,1589694682,561928729142
1683671934,Device: id=1,RX,1.7622296948908,4975.5713669209,5257.5281181034,1591456920,562550678494
1683671935,Device: id=1,RX,1.7582277618003,4975.5192264201,5256.8356683082,1593215191,563172633692
1683671936,Device: id=1,RX,1.7572940112853,4976.2364061749,5257.4034479805,1594972511,563794672442
1683671937,Device: id=1,RX,1.7602684698883,4976.3285655423,5257.9715207244,1596732809,564416723948
1683671938,Device: id=1,RX,1.7614974706012,4975.1613989407,5257.0009942369,1598494332,565038628136
1683671939,Device: id=1,RX,1.7555721551942,4976.0827137501,5256.9742585812,1600249962,565660658970
1683671940,Device: id=1,RX,1.7607607932784,4973.4935673019,5255.2152942264,1602010737,566282350682
1683671941,Device: id=1,RX,1.7579811999916,4975.5531657245,5256.8301577232,1603768787,566904319168
1683671942,Device: id=1,RX,1.7562353099128,4976.7402883849,5257.737937971,1605525039,567526417616
1683671943,Device: id=1,RX,1.7576768757766,4973.7715816454,5254.9998817696,1607282736,568148146182
1683671944,Device: id=1,RX,1.7596667056639,4973.9542943148,5255.500967221,1609042449,568769906826
1683671945,Device: id=1,RX,1.7602107517289,4974.0474856546,5255.6812059312,1610802667,569391665322
1683671946,Device: id=1,RX,1.7605810706167,4974.5467033022,5256.2396746009,1612563264,570013489286
1683671947,Device: id=1,RX,1.7628917001622,4975.8244384185,5257.8871104445,1614326192,570635480148
1683671948,Device: id=1,RX,1.7607620616661,4975.9078503528,5257.6297802193,1616086980,571257477792
1683671949,Device: id=1,RX,1.7583350638636,4975.3998485815,5256.7334587997,1617845330,571879408056
1683671950,Device: id=1,RX,1.760760403855,4974.2219026559,5255.9435672726,1619606096,572501187770
1683671951,Device: id=1,RX,1.7603755447059,4976.1566131345,5257.8167002875,1621366514,573123222348
1683671952,Device: id=1,RX,1.7566097835697,4976.4057772585,5257.4633426297,1623123134,573745276688
1683671953,Device: id=1,RX,1.7594459838315,4976.5232560566,5258.0346134696,1624882663,574367371446
1683671954,Device: id=1,RX,1.7589476345004,4973.1290313482,5254.5606528682,1626641666,574989032142
1683671955,Device: id=1,RX,1.7597620370558,4977.009323887,5258.5712498159,1628401467,575611172082
1683671956,Device: id=1,RX,1.7547576410243,4975.1519019513,5255.9131245152,1630156277,576233084626
1683671957,Device: id=1,RX,1.7622585959993,4976.7489118846,5258.7102872445,1631918579,576855193562
1683671958,Device: id=1,RX,1.760970280754,4976.8585421299,5258.6137870505,1633679605,577477320564
1683671959,Device: id=1,RX,1.7588734833717,4976.4092483822,5257.8290057217,1635438523,578099387464
1683671960,Device: id=1,RX,1.7617889438112,4972.8365579999,5254.7227890097,1637200344,578721003344
1683671961,Device: id=1,RX,1.7597464887185,4975.8946106012,5257.4540487961,1638960155,579343012972
1683671962,Device: id=1,RX,1.7605970732378,4975.4829736758,5257.1785053938,1640720816,579964970926
1683671963,Device: id=1,RX,1.762158174715,4976.1847992517,5258.1301072061,1642482996,580587001730
1683671964,Device: id=1,RX,1.7583252323085,4974.8113985989,5256.1434357682,1644241382,581208874646
1683671965,Device: id=1,RX,1.7582543461111,4976.1944820376,5257.5151774154,1645999644,581830901664
1683671966,Device: id=1,RX,1.7588952791263,4976.3353602584,5257.7586049186,1647758566,582452953034
1683671967,Device: id=1,RX,1.7595277999674,4976.2328971,5257.7573450948,1649518150,583075002014
1683671968,Device: id=1,RX,1.7600693911027,4976.356954324,5257.9680569004,1651278245,583697055684
1683671969,Device: id=1,RX,1.7608272151872,4976.1134700762,5257.8458245062,1653039077,584319071558
1683671970,Device: id=1,RX,1.7560547797572,4969.7344763606,5250.7032411218,1654795138,584940290568
1683671971,Device: id=1,RX,1.7596869658526,4975.4339485539,5256.9838630903,1656554849,585562228306
1683671972,Device: id=1,RX,1.7634696368707,4976.2024964189,5258.3576383182,1658318371,586184272088
1683671973,Device: id=1,RX,1.7608222049958,4976.9579964946,5258.6895492939,1660079215,586806399538
1683671974,Device: id=1,RX,1.7576743806499,4973.6110241673,5254.8389250713,1661836921,587428112100
1683671975,Device: id=1,RX,1.7610330917175,4976.1864785275,5257.9517732023,1663597966,588050139616
1683671976,Device: id=1,RX,1.7589400847942,4976.627474579,5258.0578881461,1665356913,588672220496
1683671977,Device: id=1,RX,1.761693275138,4976.3507298127,5258.2216538348,1667118637,589294275186
1683671978,Device: id=1,RX,1.7575433062136,4975.5895003938,5256.796429388,1668876237,589916243936
1683671979,Device: id=1,RX,1.7583006648214,4976.5708230252,5257.8989293966,1670634545,590538317884
1683671980,Device: id=1,RX,1.7589853005263,4976.7252033255,5258.1628514097,1672393590,591160429648
1683671981,Device: id=1,RX,1.7598204207147,4974.7571699093,5256.3284372237,1674153428,591782280506
1683671982,Device: id=1,RX,1.7587939036567,4975.8912538493,5257.2982784344,1675912286,592404289580
1683671983,Device: id=1,RX,1.760010778132,4976.0356279614,5257.6373524625,1677672307,593026297646
1683671984,Device: id=1,RX,1.7585972091199,4975.1780668857,5256.5536203448,1679430916,593648199074
1683671985,Device: id=1,RX,1.7614043401993,4975.8754220879,5257.7001165198,1681192340,594270190444
1683671986,Device: id=1,RX,1.7604311868199,4975.5123355195,5257.1813254107,1682952799,594892139312
1683671987,Device: id=1,RX,1.7606143267119,4976.8854761301,5258.583768404,1684713430,595514255888
1683671988,Device: id=1,RX,1.760055375601,4977.1711926271,5258.7800527233,1686473528,596136417354
1683671989,Device: id=1,RX,1.7580852138976,4977.0180008396,5258.3116350632,1688231661,596758561514
1683671990,Device: id=1,RX,1.758442932069,4975.5645735722,5256.9154427032,1689990129,597380515952
1683671991,Device: id=1,RX,1.7585411567106,4973.5781588778,5254.9447439515,1691748688,598002219530
1683671992,Device: id=1,RX,1.7590348540391,4976.1963857295,5257.6419623758,1693507733,598624247666
1683671993,Device: id=1,RX,1.762678965402,4977.4728932814,5259.5015277457,1695270449,599246444850
1683671994,Device: id=1,RX,1.7576337195658,4976.1671367021,5257.3885318326,1697028619,599868655530
1683671995,Device: id=1,RX,1.7579228450196,4974.0309066581,5255.2985618613,1698786568,600490418644
1683671996,Device: id=1,RX,1.7576895594488,4976.3301607217,5257.5604902335,1700544258,601112460070
1683671997,Device: id=1,RX,1.7585269678171,4976.3184790629,5257.6827939137,1702302797,601734504136
1683671998,Device: id=1,RX,1.7601711470245,4976.0909511709,5257.7183346948,1704063018,602356533122
1683671999,Device: id=1,RX,1.7581362839205,4975.9508851452,5257.2526905724,1705821164,602978530420
1683672000,Device: id=1,RX,1.7597007235535,4976.3539968472,5257.9061126158,1707580923,603600595270
1683672001,Device: id=1,RX,1.7581572932441,4974.3762999946,5255.6814669137,1709339127,604222408826
1683672002,Device: id=1,RX,1.7602030444333,4975.75785758,5257.3903446893,1711099377,604844395150
1683672003,Device: id=1,RX,1.7591951099866,4977.4939031907,5258.9651207885,1712858637,605466604838
1683672004,Device: id=1,RX,1.7573031641661,4976.8309088802,5257.9994151468,1714615988,606088725636
1683672005,Device: id=1,RX,1.7573217816411,4972.9502866933,5254.1217717559,1716373366,606710364308
1683672006,Device: id=1,RX,1.761222347703,4976.1927410896,5257.9883167221,1718134634,607332404524
1683672007,Device: id=1,RX,1.7594531798679,4976.1398407762,5257.6523495551,1719894156,607954446334
1683672008,Device: id=1,RX,1.7600986610385,4977.3856256473,5259.0014114135,1721654257,608576620364
1683672009,Device: id=1,RX,1.7604063901405,4976.3223920153,5257.9874144378,1723414674,609198664412
1683672010,Device: id=1,RX,1.7605530055392,4976.1135474021,5257.8020282884,1725175281,609820697682
1683672011,Device: id=1,RX,1.7567569537055,4975.7551862986,5256.8362988914,1726932068,610442677718
1683672012,Device: id=1,RX,1.7596898643243,4976.2614156174,5257.8117939093,1728691799,611064724936
1683672013,Device: id=1,RX,1.7595538556113,4976.6806071932,5258.209224091,1730451386,611686821730
1683672014,Device: id=1,RX,1.7585290896296,4976.6019338111,5257.9665881518,1732209923,612308899770
1683672015,Device: id=1,RX,1.7568319037997,4971.9949808967,5253.0880855046,1733966808,612930417926
1683672016,Device: id=1,RX,1.7601444420717,4977.1786221061,5258.8017328376,1735726966,613552570046
1683672017,Device: id=1,RX,1.7585085574591,4976.8358229782,5258.1971921716,1737485520,614174690600
1683672018,Device: id=1,RX,1.757932834779,4976.2147585621,5257.4840121267,1739243486,614796729180
