router,2,3,4,0,0,0,0,0,0,0,0,W,0,0,0,0,0,0,0,0
firewall,1,1,3,23,0,23,0,0,0,0,0,W,0,0,0,0,0,0,0,0
router,2,3,4,0,0,0,0,0,0,0,0,W,0,0,0,0,0,0,0,0
ndpi_stat,3,2,5,0,0,0,0,0,0,0,0,W,0,0,0,0,0,0,0,0
payload_scan,4,4,6,0,0,0,0,0,0,0,0,W,0,0,0,0,0,0,0,0
bridge,5,5,7,0,0,0,0,0,0,0,0,W,0,0,0,0,0,0,0,0
firewall,1,1,3,67225,28467,67270,28467,0,67270,0,0,W,0,286315,38803,286315,38803,0,0,0
router,2,3,4,17312,17312,17312,17312,0,17312,0,0,W,0,0,0,0,0,0,0,0
ndpi_stat,3,2,5,28483,17312,28483,17312,0,17312,0,0,W,0,38803,0,38803,0,0,0,0
payload_scan,4,4,6,17312,17312,17312,17312,0,17312,0,0,W,0,0,0,0,0,0,0,0
bridge,5,5,7,17312,17312,17312,17312,17312,0,0,0,W,0,0,0,0,0,0,0,0
firewall,1,1,3,353485,353485,420768,381965,0,420768,0,0,W,0,0,0,286315,38803,0,0,0
router,2,3,4,364688,364687,382000,381999,0,382000,0,0,W,0,0,0,0,0,0,0,0
ndpi_stat,3,2,5,353520,364695,382007,382007,0,382007,0,0,W,0,0,0,38803,0,0,0,0
payload_scan,4,4,6,364716,364716,382028,382028,0,382028,0,0,W,0,0,0,0,0,0,0,0
bridge,5,5,7,364690,364690,382034,382034,382034,0,0,0,W,0,0,0,0,0,0,0,0
firewall,1,1,3,352941,352941,773744,734941,0,773744,0,0,W,0,0,0,286315,38803,0,0,0
router,2,3,4,352983,352983,734990,734990,0,734990,0,0,W,0,0,0,0,0,0,0,0
ndpi_stat,3,2,5,352969,352969,734997,734997,0,734997,0,0,W,0,0,0,38803,0,0,0,0
payload_scan,4,4,6,352965,352967,735001,735001,0,735001,0,0,W,0,0,0,0,0,0,0,0
bridge,5,5,7,352967,352967,735007,735007,735007,0,0,0,W,0,0,0,0,0,0,0,0
firewall,1,1,3,353693,353693,1127486,1088683,0,1127486,0,0,W,0,0,0,286315,38803,0,0,0
router,2,3,4,353696,353696,1088693,1088693,0,1088693,0,0,W,0,0,0,0,0,0,0,0
ndpi_stat,3,2,5,353695,353696,1088697,1088697,0,1088697,0,0,W,0,0,0,38803,0,0,0,0
payload_scan,4,4,6,353694,353696,1088703,1088703,0,1088703,0,0,W,0,0,0,0,0,0,0,0
bridge,5,5,7,353701,353701,1088713,1088713,1088713,0,0,0,W,0,0,0,0,0,0,0,0
firewall,1,1,3,353090,353090,1480586,1441783,0,1480586,0,0,W,0,0,0,286315,38803,0,0,0
router,2,3,4,353105,353105,1441802,1441802,0,1441802,0,0,W,0,0,0,0,0,0,0,0
ndpi_stat,3,2,5,353109,353109,1441812,1441812,0,1441812,0,0,W,0,0,0,38803,0,0,0,0
payload_scan,4,4,6,353103,353103,1441816,1441816,0,1441816,0,0,W,0,0,0,0,0,0,0,0
bridge,5,5,7,353106,353106,1441824,1441824,1441824,0,0,0,W,0,0,0,0,0,0,0,0
firewall,1,1,3,353644,353646,1834251,1795448,0,1834251,0,0,W,0,0,0,286315,38803,0,0,0
router,2,3,4,353660,353660,1795472,1795472,0,1795472,0,0,W,0,0,0,0,0,0,0,0
ndpi_stat,3,2,5,353663,353663,1795479,1795479,0,1795479,0,0,W,0,0,0,38803,0,0,0,0
payload_scan,4,4,6,353665,353664,1795489,1795488,0,1795488,0,0,W,0,0,0,0,0,0,0,0
bridge,5,5,7,353663,353663,1795496,1795496,1795496,0,0,0,W,0,0,0,0,0,0,0,0
firewall,1,1,3,353407,353407,2187682,2148879,0,2187682,0,0,W,0,0,0,286315,38803,0,0,0
router,2,3,4,353429,353429,2148908,2148908,0,2148908,0,0,W,0,0,0,0,0,0,0,0
ndpi_stat,3,2,5,353439,353439,2148928,2148928,0,2148928,0,0,W,0,0,0,38803,0,0,0,0
payload_scan,4,4,6,353443,353442,2148941,2148938,0,2148941,0,0,W,0,0,0,0,0,0,0,0
bridge,5,5,7,353450,353450,2148954,2148954,2148954,0,0,0,W,0,0,0,0,0,0,0,0
firewall,1,1,3,1902007,1902007,4089718,4050915,0,4089718,0,0,W,0,0,0,286315,38803,0,0,0
router,2,3,4,1902107,1902107,4051035,4051035,0,4051035,0,0,W,0,0,0,0,0,0,0,0
ndpi_stat,3,2,5,1902170,1902170,4051111,4051111,0,4051111,0,0,W,0,0,0,38803,0,0,0,0
payload_scan,4,4,6,1902209,1902201,4051163,4051155,0,4051155,0,0,W,0,0,0,0,0,0,0,0
bridge,5,5,7,1902219,1902219,4051191,4051191,4051191,0,0,0,W,0,0,0,0,0,0,0,0
firewall,1,1,3,3329560,3329560,7419398,7380595,0,7419398,0,0,W,0,0,0,286315,38803,0,0,0
router,2,3,4,3329648,3329640,7380759,7380751,0,7380759,0,0,W,0,0,0,0,0,0,0,0
ndpi_stat,3,2,5,3329644,3329644,7380807,7380807,0,7380807,0,0,W,0,0,0,38803,0,0,0,0
payload_scan,4,4,6,3329668,3329668,7380859,7380859,0,7380859,0,0,W,0,0,0,0,0,0,0,0
bridge,5,5,7,3329704,3329704,7380927,7380927,7380927,0,0,0,W,0,0,0,0,0,0,0,0
firewall,1,1,3,3325652,3325652,10745218,10706415,0,10745218,0,0,W,0,0,0,286315,38803,0,0,0
router,2,3,4,3325680,3325676,10706487,10706479,0,10706487,0,0,W,0,0,0,0,0,0,0,0
ndpi_stat,3,2,5,3325680,3325680,10706543,10706539,0,10706539,0,0,W,0,0,0,38803,0,0,0,0
payload_scan,4,4,6,3326768,3326764,10707695,10707691,0,10707691,0,0,W,0,0,0,0,0,0,0,0
bridge,5,5,7,3326796,3326796,10707755,10707755,10707755,0,0,0,W,0,0,0,0,0,0,0,0
firewall,1,1,3,3327940,3327944,14073238,14034435,0,14073238,0,0,W,0,0,0,286315,38803,0,0,0
router,2,3,4,3327984,3327972,14034523,14034511,0,14034511,0,0,W,0,0,0,0,0,0,0,0
ndpi_stat,3,2,5,3326884,3326876,14034587,14034575,0,14034575,0,0,W,0,0,0,38803,0,0,0,0
payload_scan,4,4,6,3326892,3326892,14034647,14034647,0,14034647,0,0,W,0,0,0,0,0,0,0,0
bridge,5,5,7,3326908,3326908,14034695,14034695,14034695,0,0,0,W,0,0,0,0,0,0,0,0
firewall,1,1,3,3325548,3325552,17398890,17360087,0,17398890,0,0,W,0,0,0,286315,38803,0,0,0
router,2,3,4,3325664,3325664,17360239,17360239,0,17360239,0,0,W,0,0,0,0,0,0,0,0
ndpi_stat,3,2,5,3325639,3325639,17360290,17360290,0,17360290,0,0,W,0,0,0,38803,0,0,0,0
payload_scan,4,4,6,3325608,3325612,17360307,17360307,0,17360307,0,0,W,0,0,0,0,0,0,0,0
bridge,5,5,7,3325628,3325612,17360371,17360355,17360355,0,0,0,W,0,0,0,0,0,0,0,0
firewall,1,1,3,3322660,3322660,20721702,20682899,0,20721702,0,0,W,0,0,0,286315,38803,0,0,0
router,2,3,4,3322725,3322721,20683015,20683011,0,20683011,0,0,W,0,0,0,0,0,0,0,0
ndpi_stat,3,2,5,3322744,3322744,20683051,20683051,0,20683051,0,0,W,0,0,0,38803,0,0,0,0
payload_scan,4,4,6,3322752,3322756,20683127,20683127,0,20683127,0,0,W,0,0,0,0,0,0,0,0
bridge,5,5,7,3322768,3322768,20683175,20683175,20683175,0,0,0,W,0,0,0,0,0,0,0,0
firewall,1,1,3,3325260,3325260,24047082,24008279,0,24047082,0,0,W,0,0,0,286315,38803,0,0,0
router,2,3,4,3325368,3325368,24008419,24008419,0,24008419,0,0,W,0,0,0,0,0,0,0,0
ndpi_stat,3,2,5,3325352,3325356,24008483,24008483,0,24008483,0,0,W,0,0,0,38803,0,0,0,0
payload_scan,4,4,6,3325356,3325356,24008531,24008531,0,24008531,0,0,W,0,0,0,0,0,0,0,0
bridge,5,5,7,3325380,3325384,24008603,24008599,24008603,0,0,0,W,0,0,0,0,0,0,0,0
firewall,1,1,3,3302753,3302753,27349987,27311184,0,27349987,0,0,W,0,0,0,286315,38803,0,0,0
router,2,3,4,3302808,3302804,27311291,27311287,0,27311291,0,0,W,0,0,0,0,0,0,0,0
ndpi_stat,3,2,5,3302828,3302820,27311359,27311351,0,27311351,0,0,W,0,0,0,38803,0,0,0,0
payload_scan,4,4,6,3302784,3302784,27311387,27311387,0,27311387,0,0,W,0,0,0,0,0,0,0,0
bridge,5,5,7,3302788,3302792,27311455,27311455,27311455,0,0,0,W,0,0,0,0,0,0,0,0
firewall,1,1,3,3234676,3234676,30584774,30545971,0,30584774,0,0,W,0,0,0,286315,38803,0,0,0
router,2,3,4,3234752,3234748,30546103,30546091,0,30546091,0,0,W,0,0,0,0,0,0,0,0
ndpi_stat,3,2,5,3234784,3234780,30546183,30546167,0,30546167,0,0,W,0,0,0,38803,0,0,0,0
payload_scan,4,4,6,3234768,3234768,30546223,30546223,0,30546223,0,0,W,0,0,0,0,0,0,0,0
bridge,5,5,7,3234772,3234768,30546279,30546275,30546275,0,0,0,W,0,0,0,0,0,0,0,0
firewall,1,1,3,3324404,3324408,33909318,33870515,0,33909318,0,0,W,0,0,0,286315,38803,0,0,0
router,2,3,4,3324476,3324488,33870643,33870643,0,33870643,0,0,W,0,0,0,0,0,0,0,0
ndpi_stat,3,2,5,3324492,3324492,33870719,33870719,0,33870719,0,0,W,0,0,0,38803,0,0,0,0
payload_scan,4,4,6,3324488,3324492,33870771,33870771,0,33870771,0,0,W,0,0,0,0,0,0,0,0
bridge,5,5,7,3324484,3324484,33870819,33870819,33870819,0,0,0,W,0,0,0,0,0,0,0,0
firewall,1,1,3,2052437,2052437,35961887,35923084,0,35961887,0,0,W,0,0,0,286315,38803,0,0,0
router,2,3,4,2052410,2052405,35923129,35923124,0,35923124,0,0,W,0,0,0,0,0,0,0,0
ndpi_stat,3,2,5,2052388,2052388,35923159,35923159,0,35923159,0,0,W,0,0,0,38803,0,0,0,0
payload_scan,4,4,6,2052367,2052365,35923186,35923184,0,35923184,0,0,W,0,0,0,0,0,0,0,0
bridge,5,5,7,2052315,2052315,35923194,35923194,35923194,0,0,0,W,0,0,0,0,0,0,0,0
firewall,1,1,3,1172172,1172172,37134104,37095301,0,37134104,0,0,W,0,0,0,286315,38803,0,0,0
router,2,3,4,1172229,1171990,37095388,37095148,0,37095148,0,0,W,0,0,0,0,0,0,0,0
ndpi_stat,3,2,5,1172217,1172217,37095405,37095405,0,37095405,0,0,W,0,0,0,38803,0,0,0,0
payload_scan,4,4,6,1172231,1172231,37095425,37095425,0,37095425,0,0,W,0,0,0,0,0,0,0,0
bridge,5,5,7,1172241,1172240,37095445,37095444,37095445,0,0,0,W,0,0,0,0,0,0,0,0
firewall,1,1,3,1172978,1172978,38307170,38268367,0,38307170,0,0,W,0,0,0,286315,38803,0,0,0
router,2,3,4,1173006,1173004,38268411,38268409,0,38268409,0,0,W,0,0,0,0,0,0,0,0
ndpi_stat,3,2,5,1173646,1173645,38269071,38269070,0,38269070,0,0,W,0,0,0,38803,0,0,0,0
payload_scan,4,4,6,1173632,1173633,38269078,38269078,0,38269078,0,0,W,0,0,0,0,0,0,0,0
bridge,5,5,7,1173634,1173634,38269087,38269087,38269087,0,0,0,W,0,0,0,0,0,0,0,0
firewall,1,1,3,1171189,1171189,39478404,39439601,0,39478404,0,0,W,0,0,0,286315,38803,0,0,0
router,2,3,4,1170634,1170641,39439704,39439700,0,39439700,0,0,W,0,0,0,0,0,0,0,0
ndpi_stat,3,2,5,1170668,1170670,39439748,39439748,0,39439748,0,0,W,0,0,0,38803,0,0,0,0
payload_scan,4,4,6,1170689,1170689,39439776,39439776,0,39439776,0,0,W,0,0,0,0,0,0,0,0
bridge,5,5,7,1170706,1170706,39439799,39439799,39439799,0,0,0,W,0,0,0,0,0,0,0,0
firewall,1,1,3,1172030,1172030,40650537,40611734,0,40650537,0,0,W,0,0,0,286315,38803,0,0,0
router,2,3,4,1172038,1172038,40611786,40611786,0,40611786,0,0,W,0,0,0,0,0,0,0,0
ndpi_stat,3,2,5,1172072,1172069,40611848,40611845,0,40611845,0,0,W,0,0,0,38803,0,0,0,0
payload_scan,4,4,6,1172059,1172061,40611860,40611860,0,40611860,0,0,W,0,0,0,0,0,0,0,0
bridge,5,5,7,1172068,1172068,40611887,40611887,40611887,0,0,0,W,0,0,0,0,0,0,0,0
firewall,1,1,3,1172738,1172738,41823327,41784524,0,41823327,0,0,W,0,0,0,286315,38803,0,0,0
router,2,3,4,1172748,1172748,41784593,41784593,0,41784593,0,0,W,0,0,0,0,0,0,0,0
ndpi_stat,3,2,5,1172753,1172753,41784620,41784620,0,41784620,0,0,W,0,0,0,38803,0,0,0,0
payload_scan,4,4,6,1172740,1172740,41784627,41784627,0,41784627,0,0,W,0,0,0,0,0,0,0,0
bridge,5,5,7,1172752,1172752,41784651,41784651,41784651,0,0,0,W,0,0,0,0,0,0,0,0
firewall,1,1,3,1171733,1171737,42995135,42956332,0,42995135,0,0,W,0,0,0,286315,38803,0,0,0
router,2,3,4,1171768,1171769,42956388,42956388,0,42956388,0,0,W,0,0,0,0,0,0,0,0
ndpi_stat,3,2,5,1171808,1171806,42956437,42956435,0,42956435,0,0,W,0,0,0,38803,0,0,0,0
payload_scan,4,4,6,1171797,1171795,42956448,42956446,0,42956446,0,0,W,0,0,0,0,0,0,0,0
bridge,5,5,7,1171809,1171804,42956473,42956468,42956472,0,0,0,W,0,0,0,0,0,0,0,0
firewall,1,1,3,1169931,1169929,44165122,44126317,0,44165120,0,0,W,0,0,0,286315,38803,0,0,0
router,2,3,4,1169973,1169975,44126408,44126408,0,44126408,0,0,W,0,0,0,0,0,0,0,0
ndpi_stat,3,2,5,1169975,1169975,44126424,44126424,0,44126424,0,0,W,0,0,0,38803,0,0,0,0
payload_scan,4,4,6,1169971,1169971,44126444,44126444,0,44126444,0,0,W,0,0,0,0,0,0,0,0
bridge,5,5,7,1169984,1169984,44126468,44126468,44126468,0,0,0,W,0,0,0,0,0,0,0,0
firewall,1,1,3,1170702,1170704,45335915,45297112,0,45335915,0,0,W,0,0,0,286315,38803,0,0,0
router,2,3,4,1170762,1170762,45297186,45297186,0,45297186,0,0,W,0,0,0,0,0,0,0,0
ndpi_stat,3,2,5,1170752,1170752,45297198,45297198,0,45297198,0,0,W,0,0,0,38803,0,0,0,0
payload_scan,4,4,6,1170741,1170741,45297209,45297209,0,45297209,0,0,W,0,0,0,0,0,0,0,0
bridge,5,5,7,1170749,1170749,45297230,45297230,45297230,0,0,0,W,0,0,0,0,0,0,0,0
firewall,1,1,3,1172135,1172135,46508124,46469321,0,46508124,0,0,W,0,0,0,286315,38803,0,0,0
router,2,3,4,1172184,1172184,46469382,46469382,0,46469382,0,0,W,0,0,0,0,0,0,0,0
ndpi_stat,3,2,5,1172196,1172198,46469407,46469407,0,46469407,0,0,W,0,0,0,38803,0,0,0,0
payload_scan,4,4,6,1172189,1172198,46469428,46469428,0,46469428,0,0,W,0,0,0,0,0,0,0,0
bridge,5,5,7,1172183,1172183,46469448,46469448,46469448,0,0,0,W,0,0,0,0,0,0,0,0
firewall,1,1,3,1339378,1339378,47847565,47808762,0,47847565,0,0,W,0,0,0,286315,38803,0,0,0
router,2,3,4,1339437,1339440,47808844,47808844,0,47808844,0,0,W,0,0,0,0,0,0,0,0
ndpi_stat,3,2,5,1339461,1339460,47808889,47808888,0,47808888,0,0,W,0,0,0,38803,0,0,0,0
payload_scan,4,4,6,1339455,1339462,47808910,47808910,0,47808910,0,0,W,0,0,0,0,0,0,0,0
bridge,5,5,7,1339473,1339473,47808939,47808939,47808939,0,0,0,W,0,0,0,0,0,0,0,0
firewall,1,1,3,1447080,1447077,49294734,49255928,0,49294734,0,0,W,0,0,0,286315,38803,0,0,0
router,2,3,4,1447093,1447094,49255981,49255979,0,49255979,0,0,W,0,0,0,0,0,0,0,0
ndpi_stat,3,2,5,1447133,1447134,49256046,49256046,0,49256046,0,0,W,0,0,0,38803,0,0,0,0
payload_scan,4,4,6,1447138,1447142,49256081,49256081,0,49256081,0,0,W,0,0,0,0,0,0,0,0
bridge,5,5,7,1447108,1447108,49256100,49256095,49256100,0,0,0,W,0,0,0,0,0,0,0,0
firewall,1,1,3,1451734,1451734,50746519,50707716,0,50746519,0,0,W,0,0,0,286315,38803,0,0,0
router,2,3,4,1451724,1451724,50707770,50707770,0,50707770,0,0,W,0,0,0,0,0,0,0,0
ndpi_stat,3,2,5,1451762,1451762,50707843,50707843,0,50707843,0,0,W,0,0,0,38803,0,0,0,0
payload_scan,4,4,6,1451785,1451780,50707885,50707880,0,50707885,0,0,W,0,0,0,0,0,0,0,0
bridge,5,5,7,1451000,1451000,50707947,50707947,50707947,0,0,0,W,0,0,0,0,0,0,0,0
firewall,1,1,3,1451011,1451011,52197584,52158781,0,52197584,0,0,W,0,0,0,286315,38803,0,0,0
router,2,3,4,1451076,1451080,52158919,52158919,0,52158919,0,0,W,0,0,0,0,0,0,0,0
ndpi_stat,3,2,5,1451070,1451070,52158955,52158955,0,52158955,0,0,W,0,0,0,38803,0,0,0,0
payload_scan,4,4,6,1451041,1451039,52158988,52158986,0,52158986,0,0,W,0,0,0,0,0,0,0,0
bridge,5,5,7,1451043,1451043,52159015,52159015,52159015,0,0,0,W,0,0,0,0,0,0,0,0
firewall,1,1,3,1451854,1451854,53649576,53610773,0,53649576,0,0,W,0,0,0,286315,38803,0,0,0
router,2,3,4,1451934,1451937,53610889,53610889,0,53610889,0,0,W,0,0,0,0,0,0,0,0
ndpi_stat,3,2,5,1451937,1451939,53610927,53610927,0,53610927,0,0,W,0,0,0,38803,0,0,0,0
payload_scan,4,4,6,1451937,1451937,53610952,53610952,0,53610952,0,0,W,0,0,0,0,0,0,0,0
bridge,5,5,7,1451939,1451926,53610982,53610969,53610978,0,0,0,W,0,0,0,0,0,0,0,0
firewall,1,1,3,1448777,1448778,55098470,55059667,0,55098470,0,0,W,0,0,0,286315,38803,0,0,0
router,2,3,4,1448803,1448803,55059730,55059730,0,55059730,0,0,W,0,0,0,0,0,0,0,0
ndpi_stat,3,2,5,1448796,1448793,55059748,55059745,0,55059745,0,0,W,0,0,0,38803,0,0,0,0
payload_scan,4,4,6,1448808,1448808,55059791,55059790,0,55059790,0,0,W,0,0,0,0,0,0,0,0
bridge,5,5,7,1448802,1448802,55059805,55059805,55059805,0,0,0,W,0,0,0,0,0,0,0,0
firewall,1,1,3,1448444,1448443,56546977,56508173,0,56546977,0,0,W,0,0,0,286315,38803,0,0,0
router,2,3,4,1448507,1448502,56508252,56508247,0,56508247,0,0,W,0,0,0,0,0,0,0,0
ndpi_stat,3,2,5,1448511,1448512,56508305,56508303,0,56508305,0,0,W,0,0,0,38803,0,0,0,0
payload_scan,4,4,6,1448523,1448523,56508328,56508328,0,56508328,0,0,W,0,0,0,0,0,0,0,0
bridge,5,5,7,1448519,1448519,56508356,56508356,56508356,0,0,0,W,0,0,0,0,0,0,0,0
firewall,1,1,3,1451527,1451527,57998582,57959779,0,57998582,0,0,W,0,0,0,286315,38803,0,0,0
router,2,3,4,1451576,1451574,57959879,57959877,0,57959877,0,0,W,0,0,0,0,0,0,0,0
ndpi_stat,3,2,5,1451577,1451573,57959905,57959901,0,57959904,0,0,W,0,0,0,38803,0,0,0,0
payload_scan,4,4,6,1451566,1451567,57959923,57959923,0,57959923,0,0,W,0,0,0,0,0,0,0,0
bridge,5,5,7,1451564,1451564,57959939,57959939,57959939,0,0,0,W,0,0,0,0,0,0,0,0
firewall,1,1,3,1448252,1448252,59446935,59408131,0,59446935,0,0,W,0,0,0,286315,38803,0,0,0
router,2,3,4,1448291,1448291,59408192,59408192,0,59408192,0,0,W,0,0,0,0,0,0,0,0
ndpi_stat,3,2,5,1448293,1448293,59408220,59408218,0,59408220,0,0,W,0,0,0,38803,0,0,0,0
payload_scan,4,4,6,1448293,1448293,59408232,59408232,0,59408232,0,0,W,0,0,0,0,0,0,0,0
bridge,5,5,7,1448313,1448313,59408264,59408264,59408264,0,0,0,W,0,0,0,0,0,0,0,0
firewall,1,1,3,1447649,1447649,60894644,60855841,0,60894644,0,0,W,0,0,0,286315,38803,0,0,0
router,2,3,4,1447705,1447704,60855923,60855920,0,60855923,0,0,W,0,0,0,0,0,0,0,0
ndpi_stat,3,2,5,1447706,1447712,60855945,60855944,0,60855945,0,0,W,0,0,0,38803,0,0,0,0
payload_scan,4,4,6,1447701,1447701,60855965,60855965,0,60855965,0,0,W,0,0,0,0,0,0,0,0
bridge,5,5,7,1447705,1447708,60855990,60855990,60855990,0,0,0,W,0,0,0,0,0,0,0,0
firewall,1,1,3,1243136,1243136,62137862,62099059,0,62137862,0,0,W,0,0,0,286315,38803,0,0,0
router,2,3,4,1243168,1243170,62099112,62099112,0,62099112,0,0,W,0,0,0,0,0,0,0,0
ndpi_stat,3,2,5,1243168,1243169,62099136,62099134,0,62099134,0,0,W,0,0,0,38803,0,0,0,0
payload_scan,4,4,6,1243155,1243153,62099145,62099143,0,62099143,0,0,W,0,0,0,0,0,0,0,0
bridge,5,5,7,1243178,1243182,62099185,62099185,62099185,0,0,0,W,0,0,0,0,0,0,0,0
firewall,1,1,3,1114739,1114738,63252654,63213850,0,63252653,0,0,W,0,0,0,286315,38803,0,0,0
router,2,3,4,1114777,1114777,63213911,63213911,0,63213911,0,0,W,0,0,0,0,0,0,0,0
ndpi_stat,3,2,5,1114778,1114778,63213923,63213923,0,63213923,0,0,W,0,0,0,38803,0,0,0,0
payload_scan,4,4,6,1115456,1115459,63214646,63214644,0,63214644,0,0,W,0,0,0,0,0,0,0,0
bridge,5,5,7,1115459,1115469,63214666,63214666,63214666,0,0,0,W,0,0,0,0,0,0,0,0
firewall,1,1,3,1113200,1113200,64365916,64327113,0,64365916,0,0,W,0,0,0,286315,38803,0,0,0
router,2,3,4,1113277,1113277,64327200,64327200,0,64327200,0,0,W,0,0,0,0,0,0,0,0
ndpi_stat,3,2,5,1112569,1112569,64327217,64327217,0,64327217,0,0,W,0,0,0,38803,0,0,0,0
payload_scan,4,4,6,1112571,1112571,64327237,64327237,0,64327237,0,0,W,0,0,0,0,0,0,0,0
bridge,5,5,7,1112572,1112572,64327244,64327244,64327244,0,0,0,W,0,0,0,0,0,0,0,0
firewall,1,1,3,1113054,1113056,65479064,65440261,0,65479064,0,0,W,0,0,0,286315,38803,0,0,0
router,2,3,4,1113103,1113108,65440320,65440320,0,65440320,0,0,W,0,0,0,0,0,0,0,0
ndpi_stat,3,2,5,1113130,1113128,65440368,65440366,0,65440368,0,0,W,0,0,0,38803,0,0,0,0
payload_scan,4,4,6,1113158,1113159,65440406,65440403,0,65440403,0,0,W,0,0,0,0,0,0,0,0
bridge,5,5,7,1113192,1113192,65440446,65440446,65440446,0,0,0,W,0,0,0,0,0,0,0,0
firewall,1,1,3,1112600,1112600,66591729,66552926,0,66591729,0,0,W,0,0,0,286315,38803,0,0,0
router,2,3,4,1112614,1112614,66552980,66552980,0,66552980,0,0,W,0,0,0,0,0,0,0,0
ndpi_stat,3,2,5,1112629,1112629,66553037,66553037,0,66553037,0,0,W,0,0,0,38803,0,0,0,0
payload_scan,4,4,6,1112599,1112599,66553045,66553045,0,66553045,0,0,W,0,0,0,0,0,0,0,0
bridge,5,5,7,1112616,1112616,66553077,66553077,66553077,0,0,0,W,0,0,0,0,0,0,0,0
firewall,1,1,3,1113420,1113420,67705203,67666400,0,67705203,0,0,W,0,0,0,286315,38803,0,0,0
router,2,3,4,1113424,1113424,67666461,67666461,0,67666461,0,0,W,0,0,0,0,0,0,0,0
ndpi_stat,3,2,5,1113425,1113428,67666473,67666473,0,67666473,0,0,W,0,0,0,38803,0,0,0,0
payload_scan,4,4,6,1113421,1113421,67666498,67666498,0,67666498,0,0,W,0,0,0,0,0,0,0,0
bridge,5,5,7,1113402,1113402,67666510,67666510,67666510,0,0,0,W,0,0,0,0,0,0,0,0
firewall,1,1,3,1113445,1113445,68818709,68779906,0,68818709,0,0,W,0,0,0,286315,38803,0,0,0
router,2,3,4,1113496,1113496,68779969,68779969,0,68779969,0,0,W,0,0,0,0,0,0,0,0
ndpi_stat,3,2,5,1113515,1113515,68780013,68780013,0,68780013,0,0,W,0,0,0,38803,0,0,0,0
payload_scan,4,4,6,1113519,1113518,68780029,68780028,0,68780028,0,0,W,0,0,0,0,0,0,0,0
bridge,5,5,7,1113519,1113519,68780039,68780039,68780039,0,0,0,W,0,0,0,0,0,0,0,0
firewall,1,1,3,1115658,1115658,69934430,69895627,0,69934430,0,0,W,0,0,0,286315,38803,0,0,0
router,2,3,4,1115756,1115742,69895769,69895738,0,69895738,0,0,W,0,0,0,0,0,0,0,0
ndpi_stat,3,2,5,1115814,1115814,69895843,69895843,0,69895843,0,0,W,0,0,0,38803,0,0,0,0
payload_scan,4,4,6,1115822,1115822,69895861,69895861,0,69895861,0,0,W,0,0,0,0,0,0,0,0
bridge,5,5,7,1115823,1115823,69895874,69895874,69895874,0,0,0,W,0,0,0,0,0,0,0,0
firewall,1,1,3,1112807,1112809,71047383,71008580,0,71047383,0,0,W,0,0,0,286315,38803,0,0,0
router,2,3,4,1112816,1112816,71008659,71008659,0,71008659,0,0,W,0,0,0,0,0,0,0,0
ndpi_stat,3,2,5,1112809,1112808,71008673,71008669,0,71008672,0,0,W,0,0,0,38803,0,0,0,0
payload_scan,4,4,6,1112815,1112813,71008689,71008687,0,71008687,0,0,W,0,0,0,0,0,0,0,0
bridge,5,5,7,1112820,1112820,71008705,71008705,71008705,0,0,0,W,0,0,0,0,0,0,0,0
firewall,1,1,3,1114626,1114628,72162090,72123287,0,72162090,0,0,W,0,0,0,286315,38803,0,0,0
router,2,3,4,1114652,1114652,72123321,72123321,0,72123321,0,0,W,0,0,0,0,0,0,0,0
ndpi_stat,3,2,5,1114671,1114671,72123360,72123360,0,72123360,0,0,W,0,0,0,38803,0,0,0,0
payload_scan,4,4,6,1114674,1114674,72123379,72123379,0,72123379,0,0,W,0,0,0,0,0,0,0,0
bridge,5,5,7,1114667,1114669,72123392,72123392,72123392,0,0,0,W,0,0,0,0,0,0,0,0
firewall,1,1,3,2443964,2443962,74606098,74567283,0,74606086,0,0,W,0,0,0,286315,38803,0,0,0
router,2,3,4,2444063,2444063,74567423,74567423,0,74567423,0,0,W,0,0,0,0,0,0,0,0
ndpi_stat,3,2,5,2444106,2444106,74567487,74567487,0,74567487,0,0,W,0,0,0,38803,0,0,0,0
payload_scan,4,4,6,2444147,2444147,74567539,74567539,0,74567539,0,0,W,0,0,0,0,0,0,0,0
bridge,5,5,7,2444200,2444200,74567611,74567611,74567611,0,0,0,W,0,0,0,0,0,0,0,0
firewall,1,1,3,3249100,3249096,77855326,77816519,0,77855322,0,0,W,0,0,0,286315,38803,0,0,0
router,2,3,4,3249372,3249372,77816859,77816859,0,77816859,0,0,W,0,0,0,0,0,0,0,0
ndpi_stat,3,2,5,3251236,3251240,77818807,77818795,0,77818795,0,0,W,0,0,0,38803,0,0,0,0
payload_scan,4,4,6,3251260,3251260,77818871,77818871,0,77818871,0,0,W,0,0,0,0,0,0,0,0
bridge,5,5,7,3251260,3251260,77818919,77818919,77818919,0,0,0,W,0,0,0,0,0,0,0,0
firewall,1,1,3,3252904,3252904,81108602,81069799,0,81108602,0,0,W,0,0,0,286315,38803,0,0,0
router,2,3,4,3251292,3251304,81070087,81070087,0,81070087,0,0,W,0,0,0,0,0,0,0,0
ndpi_stat,3,2,5,3251320,3251320,81070191,81070191,0,81070191,0,0,W,0,0,0,38803,0,0,0,0
payload_scan,4,4,6,3251320,3251324,81070243,81070243,0,81070243,0,0,W,0,0,0,0,0,0,0,0
bridge,5,5,7,3251392,3251392,81070327,81070327,81070327,0,0,0,W,0,0,0,0,0,0,0,0
firewall,1,1,3,3247056,3247040,84355946,84317127,0,84355930,0,0,W,0,0,0,286315,38803,0,0,0
router,2,3,4,3247084,3247084,84317275,84317275,0,84317275,0,0,W,0,0,0,0,0,0,0,0
ndpi_stat,3,2,5,3247072,3247100,84317343,84317343,0,84317343,0,0,W,0,0,0,38803,0,0,0,0
payload_scan,4,4,6,3247080,3247080,84317407,84317407,0,84317407,0,0,W,0,0,0,0,0,0,0,0
bridge,5,5,7,3247052,3247064,84317435,84317435,84317435,0,0,0,W,0,0,0,0,0,0,0,0
firewall,1,1,3,3245888,3245892,87601986,87563183,0,87601986,0,0,W,0,0,0,286315,38803,0,0,0
router,2,3,4,3246056,3246056,87563399,87563399,0,87563399,0,0,W,0,0,0,0,0,0,0,0
ndpi_stat,3,2,5,3246068,3246060,87563475,87563467,0,87563467,0,0,W,0,0,0,38803,0,0,0,0
payload_scan,4,4,6,3246084,3246084,87563519,87563519,0,87563519,0,0,W,0,0,0,0,0,0,0,0
bridge,5,5,7,3246096,3246088,87563595,87563579,87563579,0,0,0,W,0,0,0,0,0,0,0,0
firewall,1,1,3,3246724,3246724,90848934,90810131,0,90848934,0,0,W,0,0,0,286315,38803,0,0,0
router,2,3,4,3246808,3246808,90810275,90810275,0,90810275,0,0,W,0,0,0,0,0,0,0,0
ndpi_stat,3,2,5,3246792,3246796,90810327,90810327,0,90810327,0,0,W,0,0,0,38803,0,0,0,0
payload_scan,4,4,6,3246756,3246760,90810355,90810355,0,90810355,0,0,W,0,0,0,0,0,0,0,0
bridge,5,5,7,3246764,3246764,90810423,90810423,90810423,0,0,0,W,0,0,0,0,0,0,0,0
firewall,1,1,3,3242160,3242160,94091242,94052439,0,94091242,0,0,W,0,0,0,286315,38803,0,0,0
router,2,3,4,3242316,3242316,94052643,94052635,0,94052635,0,0,W,0,0,0,0,0,0,0,0
ndpi_stat,3,2,5,3242420,3242416,94052775,94052771,0,94052771,0,0,W,0,0,0,38803,0,0,0,0
payload_scan,4,4,6,3242412,3242412,94052835,94052835,0,94052835,0,0,W,0,0,0,0,0,0,0,0
bridge,5,5,7,3242420,3242420,94052887,94052887,94052887,0,0,0,W,0,0,0,0,0,0,0,0
firewall,1,1,3,3244884,3244884,97336330,97297527,0,97336330,0,0,W,0,0,0,286315,38803,0,0,0
router,2,3,4,3244956,3244956,97297727,97297723,0,97297723,0,0,W,0,0,0,0,0,0,0,0
ndpi_stat,3,2,5,3244964,3244964,97297799,97297799,0,97297799,0,0,W,0,0,0,38803,0,0,0,0
payload_scan,4,4,6,3244952,3244952,97297839,97297839,0,97297839,0,0,W,0,0,0,0,0,0,0,0
bridge,5,5,7,3244945,3244953,97297916,97297916,97297916,0,0,0,W,0,0,0,0,0,0,0,0
firewall,1,1,3,3247708,3247720,100584250,100545447,0,100584250,0,0,W,0,0,0,286315,38803,0,0,0
router,2,3,4,3247716,3247716,100545515,100545515,0,100545515,0,0,W,0,0,0,0,0,0,0,0
ndpi_stat,3,2,5,3247772,3247776,100545627,100545627,0,100545627,0,0,W,0,0,0,38803,0,0,0,0
payload_scan,4,4,6,3247759,3247759,100545675,100545675,0,100545675,0,0,W,0,0,0,0,0,0,0,0
bridge,5,5,7,3247764,3247764,100545731,100545719,100545719,0,0,0,W,0,0,0,0,0,0,0,0
firewall,1,1,3,3231036,3231036,103815382,103776579,0,103815382,0,0,W,0,0,0,286315,38803,0,0,0
router,2,3,4,3231052,3231052,103776679,103776679,0,103776679,0,0,W,0,0,0,0,0,0,0,0
ndpi_stat,3,2,5,3231052,3231060,103776735,103776735,0,103776735,0,0,W,0,0,0,38803,0,0,0,0
payload_scan,4,4,6,3231060,3231060,103776791,103776791,0,103776791,0,0,W,0,0,0,0,0,0,0,0
bridge,5,5,7,3231068,3231076,103776871,103776871,103776871,0,0,0,W,0,0,0,0,0,0,0,0
firewall,1,1,3,2839240,2839240,106654726,106615923,0,106654726,0,0,W,0,0,0,286315,38803,0,0,0
router,2,3,4,2839328,2839324,106616063,106616055,0,106616055,0,0,W,0,0,0,0,0,0,0,0
ndpi_stat,3,2,5,2839324,2839332,106616131,106616123,0,106616123,0,0,W,0,0,0,38803,0,0,0,0
payload_scan,4,4,6,2839436,2839436,106616307,106616307,0,106616307,0,0,W,0,0,0,0,0,0,0,0
bridge,5,5,7,2840851,2840859,106617790,106617790,106617790,0,0,0,W,0,0,0,0,0,0,0,0
firewall,1,1,3,2602759,2602759,109257629,109218826,0,109257629,0,0,W,0,0,0,286315,38803,0,0,0
router,2,3,4,2602823,2602815,109218946,109218938,0,109218938,0,0,W,0,0,0,0,0,0,0,0
ndpi_stat,3,2,5,2602667,2602677,109218994,109218992,0,109218992,0,0,W,0,0,0,38803,0,0,0,0
payload_scan,4,4,6,2601223,2601223,109219013,109219013,0,109219013,0,0,W,0,0,0,0,0,0,0,0
bridge,5,5,7,2601199,2601194,109219041,109219036,109219041,0,0,0,W,0,0,0,0,0,0,0,0
firewall,1,1,3,2598324,2598325,111856074,111817271,0,111856074,0,0,W,0,0,0,286315,38803,0,0,0
router,2,3,4,2598393,2598395,111817385,111817385,0,111817385,0,0,W,0,0,0,0,0,0,0,0
ndpi_stat,3,2,5,2598412,2598411,111817428,111817424,0,111817424,0,0,W,0,0,0,38803,0,0,0,0
payload_scan,4,4,6,2598446,2598443,111817487,111817484,0,111817484,0,0,W,0,0,0,0,0,0,0,0
bridge,5,5,7,2598494,2598492,111817571,111817563,111817563,0,0,0,W,0,0,0,0,0,0,0,0
firewall,1,1,3,2602206,2602211,114458399,114419596,0,114458399,0,0,W,0,0,0,286315,38803,0,0,0
router,2,3,4,2602347,2602347,114419771,114419771,0,114419771,0,0,W,0,0,0,0,0,0,0,0
ndpi_stat,3,2,5,2602340,2602340,114419827,114419827,0,114419827,0,0,W,0,0,0,38803,0,0,0,0
payload_scan,4,4,6,2602292,2602296,114419867,114419859,0,114419859,0,0,W,0,0,0,0,0,0,0,0
bridge,5,5,7,2602290,2602286,114419911,114419907,114419907,0,0,0,W,0,0,0,0,0,0,0,0
firewall,1,1,3,2595238,2595238,117053820,117015017,0,117053820,0,0,W,0,0,0,286315,38803,0,0,0
router,2,3,4,2595408,2595408,117015235,117015235,0,117015235,0,0,W,0,0,0,0,0,0,0,0
ndpi_stat,3,2,5,2595440,2595424,117015307,117015291,0,117015303,0,0,W,0,0,0,38803,0,0,0,0
payload_scan,4,4,6,2595444,2595440,117015355,117015351,0,117015351,0,0,W,0,0,0,0,0,0,0,0
bridge,5,5,7,2595439,2595439,117015398,117015398,117015398,0,0,0,W,0,0,0,0,0,0,0,0
firewall,1,1,3,2601100,2601100,119655142,119616339,0,119655142,0,0,W,0,0,0,286315,38803,0,0,0
router,2,3,4,2601159,2601159,119616450,119616450,0,119616450,0,0,W,0,0,0,0,0,0,0,0
ndpi_stat,3,2,5,2601120,2601120,119616475,119616475,0,119616475,0,0,W,0,0,0,38803,0,0,0,0
payload_scan,4,4,6,2601099,2601105,119616503,119616503,0,119616503,0,0,W,0,0,0,0,0,0,0,0
bridge,5,5,7,2601097,2601093,119616536,119616532,119616532,0,0,0,W,0,0,0,0,0,0,0,0
firewall,1,1,3,2596289,2596289,122251542,122212739,0,122251542,0,0,W,0,0,0,286315,38803,0,0,0
router,2,3,4,2596388,2596389,122212863,122212863,0,122212863,0,0,W,0,0,0,0,0,0,0,0
ndpi_stat,3,2,5,2596432,2596434,122212937,122212937,0,122212937,0,0,W,0,0,0,38803,0,0,0,0
payload_scan,4,4,6,2596442,2596442,122212978,122212978,0,122212978,0,0,W,0,0,0,0,0,0,0,0
bridge,5,5,7,2596453,2596453,122213012,122213012,122213012,0,0,0,W,0,0,0,0,0,0,0,0
firewall,1,1,3,2600009,2600006,124851675,124812869,0,124851675,0,0,W,0,0,0,286315,38803,0,0,0
router,2,3,4,2600026,2600026,124812963,124812963,0,124812963,0,0,W,0,0,0,0,0,0,0,0
ndpi_stat,3,2,5,2600024,2600024,124813004,124813004,0,124813004,0,0,W,0,0,0,38803,0,0,0,0
payload_scan,4,4,6,2600055,2600055,124813067,124813067,0,124813067,0,0,W,0,0,0,0,0,0,0,0
bridge,5,5,7,2600066,2600069,124813124,124813124,124813124,0,0,0,W,0,0,0,0,0,0,0,0
firewall,1,1,3,2598455,2598455,127450221,127411418,0,127450221,0,0,W,0,0,0,286315,38803,0,0,0
router,2,3,4,2598512,2598514,127411516,127411516,0,127411516,0,0,W,0,0,0,0,0,0,0,0
ndpi_stat,3,2,5,2598485,2598487,127411568,127411565,0,127411565,0,0,W,0,0,0,38803,0,0,0,0
payload_scan,4,4,6,2598468,2598472,127411596,127411596,0,127411596,0,0,W,0,0,0,0,0,0,0,0
bridge,5,5,7,2598489,2598474,127411654,127411639,127411639,0,0,0,W,0,0,0,0,0,0,0,0
firewall,1,1,3,2564312,2564314,130014650,129975847,0,130014650,0,0,W,0,0,0,286315,38803,0,0,0
router,2,3,4,2564424,2564424,129975989,129975989,0,129975989,0,0,W,0,0,0,0,0,0,0,0
ndpi_stat,3,2,5,2564419,2564424,129976020,129976020,0,129976020,0,0,W,0,0,0,38803,0,0,0,0
payload_scan,4,4,6,2564403,2564406,129976060,129976060,0,129976060,0,0,W,0,0,0,0,0,0,0,0
bridge,5,5,7,2564412,2564404,129976103,129976095,129976095,0,0,0,W,0,0,0,0,0,0,0,0
firewall,1,1,3,3064135,3064135,133078934,133040131,0,133078934,0,0,W,0,0,0,286315,38803,0,0,0
router,2,3,4,3065499,3065499,133041519,133041519,0,133041519,0,0,W,0,0,0,0,0,0,0,0
ndpi_stat,3,2,5,3065563,3065555,133041623,133041615,0,133041615,0,0,W,0,0,0,38803,0,0,0,0
payload_scan,4,4,6,3065560,3065560,133041663,133041663,0,133041663,0,0,W,0,0,0,0,0,0,0,0
bridge,5,5,7,3065548,3065548,133041711,133041711,133041711,0,0,0,W,0,0,0,0,0,0,0,0
firewall,1,1,3,3328644,3328644,136408982,136370179,0,136408982,0,0,W,0,0,0,286315,38803,0,0,0
router,2,3,4,3328708,3328720,136370323,136370323,0,136370323,0,0,W,0,0,0,0,0,0,0,0
ndpi_stat,3,2,5,3328756,3328752,136370427,136370415,0,136370415,0,0,W,0,0,0,38803,0,0,0,0
payload_scan,4,4,6,3328748,3328748,136370459,136370459,0,136370459,0,0,W,0,0,0,0,0,0,0,0
bridge,5,5,7,3328734,3328732,136370513,136370503,136370503,0,0,0,W,0,0,0,0,0,0,0,0
firewall,1,1,3,3332048,3332052,139741210,139702407,0,139741210,0,0,W,0,0,0,286315,38803,0,0,0
router,2,3,4,3332124,3332132,139702539,139702539,0,139702539,0,0,W,0,0,0,0,0,0,0,0
ndpi_stat,3,2,5,3332142,3332145,139702605,139702604,0,139702604,0,0,W,0,0,0,38803,0,0,0,0
payload_scan,4,4,6,3332110,3332108,139702631,139702621,0,139702628,0,0,W,0,0,0,0,0,0,0,0
bridge,5,5,7,3332107,3332107,139702675,139702675,139702675,0,0,0,W,0,0,0,0,0,0,0,0
firewall,1,1,3,3320344,3320344,143061694,143022891,0,143061694,0,0,W,0,0,0,286315,38803,0,0,0
router,2,3,4,3320415,3320419,143023019,143023019,0,143023019,0,0,W,0,0,0,0,0,0,0,0
ndpi_stat,3,2,5,3320491,3320468,143023131,143023099,0,143023099,0,0,W,0,0,0,38803,0,0,0,0
payload_scan,4,4,6,3320528,3320528,143023203,143023203,0,143023203,0,0,W,0,0,0,0,0,0,0,0
bridge,5,5,7,3320533,3320533,143023255,143023255,143023255,0,0,0,W,0,0,0,0,0,0,0,0
firewall,1,1,3,3330076,3330076,146391914,146353111,0,146391914,0,0,W,0,0,0,286315,38803,0,0,0
router,2,3,4,3330240,3330232,146353339,146353331,0,146353331,0,0,W,0,0,0,0,0,0,0,0
ndpi_stat,3,2,5,3330204,3330184,146353407,146353387,0,146353387,0,0,W,0,0,0,38803,0,0,0,0
payload_scan,4,4,6,3330228,3330228,146353483,146353483,0,146353483,0,0,W,0,0,0,0,0,0,0,0
bridge,5,5,7,3330252,3330248,146353539,146353535,146353535,0,0,0,W,0,0,0,0,0,0,0,0
firewall,1,1,3,3327760,3327756,149719902,149681095,0,149719902,0,0,W,0,0,0,286315,38803,0,0,0
router,2,3,4,3327884,3327884,149681271,149681271,0,149681271,0,0,W,0,0,0,0,0,0,0,0
ndpi_stat,3,2,5,3327848,3327848,149681339,149681335,0,149681339,0,0,W,0,0,0,38803,0,0,0,0
payload_scan,4,4,6,3327856,3327852,149681395,149681391,0,149681391,0,0,W,0,0,0,0,0,0,0,0
bridge,5,5,7,3327852,3327852,149681435,149681435,149681435,0,0,0,W,0,0,0,0,0,0,0,0
firewall,1,1,3,3326488,3326488,153046570,153007767,0,153046570,0,0,W,0,0,0,286315,38803,0,0,0
router,2,3,4,3326560,3326560,153007895,153007895,0,153007895,0,0,W,0,0,0,0,0,0,0,0
ndpi_stat,3,2,5,3326564,3326568,153007963,153007963,0,153007963,0,0,W,0,0,0,38803,0,0,0,0
payload_scan,4,4,6,3326564,3326576,153008011,153008011,0,153008011,0,0,W,0,0,0,0,0,0,0,0
bridge,5,5,7,3326556,3326564,153008047,153008047,153008047,0,0,0,W,0,0,0,0,0,0,0,0
firewall,1,1,3,3328280,3328276,156374978,156336171,0,156374974,0,0,W,0,0,0,286315,38803,0,0,0
router,2,3,4,3328564,3328564,156336527,156336527,0,156336527,0,0,W,0,0,0,0,0,0,0,0
ndpi_stat,3,2,5,3328624,3328624,156336639,156336639,0,156336639,0,0,W,0,0,0,38803,0,0,0,0
payload_scan,4,4,6,3328636,3328636,156336683,156336683,0,156336683,0,0,W,0,0,0,0,0,0,0,0
bridge,5,5,7,3328608,3328616,156336735,156336731,156336731,0,0,0,W,0,0,0,0,0,0,0,0
firewall,1,1,3,3328500,3328508,159703842,159665035,0,159703842,0,0,W,0,0,0,286315,38803,0,0,0
router,2,3,4,3328676,3328676,159665315,159665315,0,159665315,0,0,W,0,0,0,0,0,0,0,0
ndpi_stat,3,2,5,3328728,3328728,159665415,159665415,0,159665415,0,0,W,0,0,0,38803,0,0,0,0
payload_scan,4,4,6,3328724,3328720,159665459,159665455,0,159665455,0,0,W,0,0,0,0,0,0,0,0
bridge,5,5,7,3328704,3328704,159665511,159665511,159665511,0,0,0,W,0,0,0,0,0,0,0,0
firewall,1,1,3,3312660,3312660,163016778,162977975,0,163016778,0,0,W,0,0,0,286315,38803,0,0,0
router,2,3,4,3312676,3312676,162978091,162978091,0,162978091,0,0,W,0,0,0,0,0,0,0,0
ndpi_stat,3,2,5,3312688,3312680,162978151,162978139,0,162978139,0,0,W,0,0,0,38803,0,0,0,0
payload_scan,4,4,6,3313684,3313684,162979203,162979195,0,162979195,0,0,W,0,0,0,0,0,0,0,0
bridge,5,5,7,3313676,3313672,162979267,162979263,162979267,0,0,0,W,0,0,0,0,0,0,0,0
firewall,1,1,3,3265384,3265388,166282286,166243479,0,166282286,0,0,W,0,0,0,286315,38803,0,0,0
router,2,3,4,3265448,3265448,166243587,166243587,0,166243587,0,0,W,0,0,0,0,0,0,0,0
ndpi_stat,3,2,5,3264416,3264432,166243635,166243635,0,166243635,0,0,W,0,0,0,38803,0,0,0,0
payload_scan,4,4,6,3264412,3264412,166243679,166243679,0,166243679,0,0,W,0,0,0,0,0,0,0,0
bridge,5,5,7,3264452,3264444,166243747,166243739,166243739,0,0,0,W,0,0,0,0,0,0,0,0
firewall,1,1,3,3240384,3240392,169522782,169483979,0,169522782,0,0,W,0,0,0,286315,38803,0,0,0
router,2,3,4,3240468,3240468,169484103,169484103,0,169484103,0,0,W,0,0,0,0,0,0,0,0
ndpi_stat,3,2,5,3240472,3240468,169484151,169484147,0,169484147,0,0,W,0,0,0,38803,0,0,0,0
payload_scan,4,4,6,3240504,3240476,169484251,169484223,0,169484223,0,0,W,0,0,0,0,0,0,0,0
bridge,5,5,7,3240508,3240508,169484315,169484315,169484315,0,0,0,W,0,0,0,0,0,0,0,0
firewall,1,1,3,3238562,3238557,172761468,172722660,0,172761463,0,0,W,0,0,0,286315,38803,0,0,0
router,2,3,4,3238720,3238724,172722867,172722867,0,172722867,0,0,W,0,0,0,0,0,0,0,0
ndpi_stat,3,2,5,3238688,3238688,172722943,172722939,0,172722939,0,0,W,0,0,0,38803,0,0,0,0
payload_scan,4,4,6,3238672,3238672,172722987,172722987,0,172722987,0,0,W,0,0,0,0,0,0,0,0
bridge,5,5,7,3238668,3238668,172723035,172723035,172723035,0,0,0,W,0,0,0,0,0,0,0,0
firewall,1,1,3,3237484,3237472,175999158,175960343,0,175999158,0,0,W,0,0,0,286315,38803,0,0,0
router,2,3,4,3237744,3237744,175960683,175960683,0,175960683,0,0,W,0,0,0,0,0,0,0,0
ndpi_stat,3,2,5,3237788,3237792,175960783,175960779,0,175960779,0,0,W,0,0,0,38803,0,0,0,0
payload_scan,4,4,6,3237824,3237824,175960859,175960859,0,175960859,0,0,W,0,0,0,0,0,0,0,0
bridge,5,5,7,3237819,3237819,175960919,175960919,175960919,0,0,0,W,0,0,0,0,0,0,0,0
firewall,1,1,3,3243152,3243164,179242650,179203847,0,179242650,0,0,W,0,0,0,286315,38803,0,0,0
router,2,3,4,3243228,3243228,179204007,179204007,0,179204007,0,0,W,0,0,0,0,0,0,0,0
ndpi_stat,3,2,5,3243224,3243232,179204091,179204091,0,179204091,0,0,W,0,0,0,38803,0,0,0,0
payload_scan,4,4,6,3243204,3243204,179204123,179204123,0,179204123,0,0,W,0,0,0,0,0,0,0,0
bridge,5,5,7,3243204,3243204,179204187,179204187,179204187,0,0,0,W,0,0,0,0,0,0,0,0
firewall,1,1,3,3240220,3240220,182483034,182444231,0,182483034,0,0,W,0,0,0,286315,38803,0,0,0
router,2,3,4,3240436,3240436,182444527,182444523,0,182444527,0,0,W,0,0,0,0,0,0,0,0
ndpi_stat,3,2,5,3240524,3240548,182444671,182444671,0,182444671,0,0,W,0,0,0,38803,0,0,0,0
payload_scan,4,4,6,3240544,3240544,182444731,182444731,0,182444731,0,0,W,0,0,0,0,0,0,0,0
bridge,5,5,7,3240528,3240528,182444775,182444775,182444775,0,0,0,W,0,0,0,0,0,0,0,0
firewall,1,1,3,3236806,3236806,185720140,185681337,0,185720140,0,0,W,0,0,0,286315,38803,0,0,0
router,2,3,4,3236820,3236812,185681491,185681483,0,185681483,0,0,W,0,0,0,0,0,0,0,0
ndpi_stat,3,2,5,3236820,3236824,185681559,185681555,0,185681555,0,0,W,0,0,0,38803,0,0,0,0
payload_scan,4,4,6,3236844,3236844,185681619,185681619,0,185681619,0,0,W,0,0,0,0,0,0,0,0
bridge,5,5,7,3236832,3236832,185681655,185681655,185681655,0,0,0,W,0,0,0,0,0,0,0,0
firewall,1,1,3,3244460,3244456,188964762,188925955,0,188964758,0,0,W,0,0,0,286315,38803,0,0,0
router,2,3,4,3244672,3244684,188926227,188926227,0,188926227,0,0,W,0,0,0,0,0,0,0,0
ndpi_stat,3,2,5,3244717,3244717,188926343,188926343,0,188926343,0,0,W,0,0,0,38803,0,0,0,0
payload_scan,4,4,6,3244716,3244728,188926383,188926383,0,188926383,0,0,W,0,0,0,0,0,0,0,0
bridge,5,5,7,3244719,3244724,188926451,188926451,188926451,0,0,0,W,0,0,0,0,0,0,0,0
firewall,1,1,3,3240012,3240012,192205042,192166239,0,192205042,0,0,W,0,0,0,286315,38803,0,0,0
router,2,3,4,3240040,3240040,192166383,192166383,0,192166383,0,0,W,0,0,0,0,0,0,0,0
ndpi_stat,3,2,5,3240100,3240096,192166483,192166479,0,192166479,0,0,W,0,0,0,38803,0,0,0,0
payload_scan,4,4,6,3240120,3240116,192166571,192166567,0,192166567,0,0,W,0,0,0,0,0,0,0,0
bridge,5,5,7,3241424,3241440,192167971,192167971,192167971,0,0,0,W,0,0,0,0,0,0,0,0
firewall,1,1,3,3242024,3242024,195447226,195408423,0,195447226,0,0,W,0,0,0,286315,38803,0,0,0
router,2,3,4,3242052,3242052,195408531,195408531,0,195408531,0,0,W,0,0,0,0,0,0,0,0
ndpi_stat,3,2,5,3242052,3242048,195408623,195408619,0,195408623,0,0,W,0,0,0,38803,0,0,0,0
payload_scan,4,4,6,3240684,3240688,195408663,195408659,0,195408663,0,0,W,0,0,0,0,0,0,0,0
bridge,5,5,7,3240676,3240676,195408707,195408707,195408707,0,0,0,W,0,0,0,0,0,0,0,0
firewall,1,1,3,1850069,1850069,197297407,197258604,0,197297407,0,0,W,0,0,0,286315,38803,0,0,0
router,2,3,4,1850037,1850037,197258656,197258656,0,197258656,0,0,W,0,0,0,0,0,0,0,0
ndpi_stat,3,2,5,1850008,1850007,197258671,197258670,0,197258670,0,0,W,0,0,0,38803,0,0,0,0
payload_scan,4,4,6,1849984,1849984,197258691,197258691,0,197258691,0,0,W,0,0,0,0,0,0,0,0
bridge,5,5,7,1849954,1849954,197258705,197258705,197258705,0,0,0,W,0,0,0,0,0,0,0,0
firewall,1,1,3,1150467,1150464,198447927,198409121,0,198447924,0,0,W,0,0,0,286315,38803,0,0,0
router,2,3,4,1150514,1150514,198409182,198409182,0,198409182,0,0,W,0,0,0,0,0,0,0,0
ndpi_stat,3,2,5,1150497,1150497,198409188,198409188,0,198409188,0,0,W,0,0,0,38803,0,0,0,0
payload_scan,4,4,6,1150511,1150507,198409216,198409212,0,198409212,0,0,W,0,0,0,0,0,0,0,0
bridge,5,5,7,1150519,1150519,198409236,198409236,198409236,0,0,0,W,0,0,0,0,0,0,0,0
firewall,1,1,3,1152520,1152520,199600505,199561702,0,199600505,0,0,W,0,0,0,286315,38803,0,0,0
router,2,3,4,1152569,1152569,199561757,199561757,0,199561757,0,0,W,0,0,0,0,0,0,0,0
ndpi_stat,3,2,5,1152559,1152559,199561775,199561775,0,199561775,0,0,W,0,0,0,38803,0,0,0,0
payload_scan,4,4,6,1152553,1152553,199561789,199561789,0,199561789,0,0,W,0,0,0,0,0,0,0,0
bridge,5,5,7,1152541,1152541,199561804,199561804,199561804,0,0,0,W,0,0,0,0,0,0,0,0
firewall,1,1,3,1150482,1150482,200751042,200712239,0,200751042,0,0,W,0,0,0,286315,38803,0,0,0
router,2,3,4,1150543,1150543,200712318,200712318,0,200712318,0,0,W,0,0,0,0,0,0,0,0
ndpi_stat,3,2,5,1150553,1150549,200712344,200712340,0,200712340,0,0,W,0,0,0,38803,0,0,0,0
payload_scan,4,4,6,1150566,1150568,200712372,200712372,0,200712372,0,0,W,0,0,0,0,0,0,0,0
bridge,5,5,7,1150566,1150566,200712394,200712394,200712394,0,0,0,W,0,0,0,0,0,0,0,0
firewall,1,1,3,1149781,1149781,201900902,201862099,0,201900902,0,0,W,0,0,0,286315,38803,0,0,0
router,2,3,4,1149911,1149911,201862251,201862251,0,201862251,0,0,W,0,0,0,0,0,0,0,0
ndpi_stat,3,2,5,1149925,1149926,201862299,201862298,0,201862298,0,0,W,0,0,0,38803,0,0,0,0
payload_scan,4,4,6,1149934,1149935,201862329,201862329,0,201862329,0,0,W,0,0,0,0,0,0,0,0
bridge,5,5,7,1149935,1149934,201862355,201862354,201862355,0,0,0,W,0,0,0,0,0,0,0,0
firewall,1,1,3,1152741,1152741,203053795,203014992,0,203053795,0,0,W,0,0,0,286315,38803,0,0,0
router,2,3,4,1152790,1152790,203015088,203015088,0,203015088,0,0,W,0,0,0,0,0,0,0,0
ndpi_stat,3,2,5,1152782,1152782,203015111,203015111,0,203015111,0,0,W,0,0,0,38803,0,0,0,0
payload_scan,4,4,6,1152780,1152780,203015135,203015135,0,203015135,0,0,W,0,0,0,0,0,0,0,0
bridge,5,5,7,1152775,1152778,203015151,203015151,203015151,0,0,0,W,0,0,0,0,0,0,0,0
firewall,1,1,3,1150594,1150592,204204485,204165680,0,204204483,0,0,W,0,0,0,286315,38803,0,0,0
router,2,3,4,1150655,1150653,204165766,204165764,0,204165764,0,0,W,0,0,0,0,0,0,0,0
ndpi_stat,3,2,5,1150670,1150670,204165805,204165805,0,204165805,0,0,W,0,0,0,38803,0,0,0,0
payload_scan,4,4,6,1150666,1150666,204165817,204165817,0,204165817,0,0,W,0,0,0,0,0,0,0,0
bridge,5,5,7,1150649,1150649,204165831,204165831,204165831,0,0,0,W,0,0,0,0,0,0,0,0
firewall,1,1,3,1151744,1151744,205356313,205317510,0,205356313,0,0,W,0,0,0,286315,38803,0,0,0
router,2,3,4,1151765,1151765,205317570,205317570,0,205317570,0,0,W,0,0,0,0,0,0,0,0
ndpi_stat,3,2,5,1151769,1151771,205317590,205317590,0,205317590,0,0,W,0,0,0,38803,0,0,0,0
payload_scan,4,4,6,1151767,1151769,205317600,205317600,0,205317600,0,0,W,0,0,0,0,0,0,0,0
bridge,5,5,7,1151765,1151765,205317622,205317622,205317622,0,0,0,W,0,0,0,0,0,0,0,0
firewall,1,1,3,1152341,1152341,206508714,206469911,0,206508714,0,0,W,0,0,0,286315,38803,0,0,0
router,2,3,4,1152908,1152908,206470498,206470498,0,206470498,0,0,W,0,0,0,0,0,0,0,0
ndpi_stat,3,2,5,1152921,1152923,206470523,206470523,0,206470523,0,0,W,0,0,0,38803,0,0,0,0
payload_scan,4,4,6,1152921,1152922,206470544,206470544,0,206470544,0,0,W,0,0,0,0,0,0,0,0
bridge,5,5,7,1152923,1152923,206470571,206470571,206470571,0,0,0,W,0,0,0,0,0,0,0,0
firewall,1,1,3,1148211,1148211,207657512,207618709,0,207657512,0,0,W,0,0,0,286315,38803,0,0,0
router,2,3,4,1148226,1148226,207618749,207618749,0,207618749,0,0,W,0,0,0,0,0,0,0,0
ndpi_stat,3,2,5,1148230,1148236,207618780,207618780,0,207618780,0,0,W,0,0,0,38803,0,0,0,0
payload_scan,4,4,6,1148226,1148226,207618797,207618797,0,207618797,0,0,W,0,0,0,0,0,0,0,0
bridge,5,5,7,1148223,1148223,207618810,207618810,207618810,0,0,0,W,0,0,0,0,0,0,0,0
firewall,1,1,3,1715504,1715507,209373062,209334259,0,209373062,0,0,W,0,0,0,286315,38803,0,0,0
router,2,3,4,1715557,1715557,209334337,209334337,0,209334337,0,0,W,0,0,0,0,0,0,0,0
ndpi_stat,3,2,5,1715586,1715586,209334383,209334383,0,209334383,0,0,W,0,0,0,38803,0,0,0,0
payload_scan,4,4,6,1715601,1715603,209334413,209334413,0,209334413,0,0,W,0,0,0,0,0,0,0,0
bridge,5,5,7,1715607,1715607,209334444,209334444,209334444,0,0,0,W,0,0,0,0,0,0,0,0
firewall,1,1,3,2005135,2005141,211378283,211339480,0,211378283,0,0,W,0,0,0,286315,38803,0,0,0
router,2,3,4,2005288,2005288,211339671,211339671,0,211339671,0,0,W,0,0,0,0,0,0,0,0
ndpi_stat,3,2,5,2005332,2005332,211339745,211339745,0,211339745,0,0,W,0,0,0,38803,0,0,0,0
payload_scan,4,4,6,2005339,2005339,211339783,211339783,0,211339783,0,0,W,0,0,0,0,0,0,0,0
bridge,5,5,7,2005355,2005344,211339831,211339820,211339820,0,0,0,W,0,0,0,0,0,0,0,0
firewall,1,1,3,2005285,2005282,213383766,213344960,0,213383763,0,0,W,0,0,0,286315,38803,0,0,0
router,2,3,4,2005437,2005438,213345182,213345182,0,213345182,0,0,W,0,0,0,0,0,0,0,0
ndpi_stat,3,2,5,2005473,2005473,213345256,213345256,0,213345256,0,0,W,0,0,0,38803,0,0,0,0
payload_scan,4,4,6,2005465,2005472,213345303,213345303,0,213345303,0,0,W,0,0,0,0,0,0,0,0
bridge,5,5,7,2005502,2005503,213345363,213345363,213345363,0,0,0,W,0,0,0,0,0,0,0,0
firewall,1,1,3,2002245,2002245,215386230,215347427,0,215386230,0,0,W,0,0,0,286315,38803,0,0,0
router,2,3,4,2002259,2002257,215347515,215347513,0,215347513,0,0,W,0,0,0,0,0,0,0,0
ndpi_stat,3,2,5,2002246,2002249,215347560,215347560,0,215347560,0,0,W,0,0,0,38803,0,0,0,0
payload_scan,4,4,6,2002225,2002225,215347588,215347588,0,215347588,0,0,W,0,0,0,0,0,0,0,0
bridge,5,5,7,2002228,2002228,215347641,215347641,215347641,0,0,0,W,0,0,0,0,0,0,0,0
firewall,1,1,3,2004078,2004078,217390396,217351593,0,217390396,0,0,W,0,0,0,286315,38803,0,0,0
router,2,3,4,2004183,2004183,217351743,217351743,0,217351743,0,0,W,0,0,0,0,0,0,0,0
ndpi_stat,3,2,5,2004202,2004201,217351802,217351795,0,217351795,0,0,W,0,0,0,38803,0,0,0,0
payload_scan,4,4,6,2004195,2004195,217351836,217351836,0,217351836,0,0,W,0,0,0,0,0,0,0,0
bridge,5,5,7,2004250,2004252,217351911,217351908,217351908,0,0,0,W,0,0,0,0,0,0,0,0
firewall,1,1,3,2005077,2005077,219395624,219356821,0,219395624,0,0,W,0,0,0,286315,38803,0,0,0
router,2,3,4,2005222,2005222,219357017,219357017,0,219357017,0,0,W,0,0,0,0,0,0,0,0
ndpi_stat,3,2,5,2005232,2005232,219357068,219357068,0,219357068,0,0,W,0,0,0,38803,0,0,0,0
payload_scan,4,4,6,2005192,2005196,219357107,219357107,0,219357107,0,0,W,0,0,0,0,0,0,0,0
bridge,5,5,7,2005201,2005201,219357159,219357159,219357159,0,0,0,W,0,0,0,0,0,0,0,0
firewall,1,1,3,2004737,2004736,221400557,221361753,0,221400556,0,0,W,0,0,0,286315,38803,0,0,0
router,2,3,4,2004896,2004896,221361964,221361964,0,221361964,0,0,W,0,0,0,0,0,0,0,0
ndpi_stat,3,2,5,2004917,2004917,221362026,221362026,0,221362026,0,0,W,0,0,0,38803,0,0,0,0
payload_scan,4,4,6,2004907,2004912,221362071,221362071,0,221362071,0,0,W,0,0,0,0,0,0,0,0
bridge,5,5,7,2004899,2004902,221362111,221362111,221362111,0,0,0,W,0,0,0,0,0,0,0,0
firewall,1,1,3,2004698,2004698,223405465,223366662,0,223405465,0,0,W,0,0,0,286315,38803,0,0,0
router,2,3,4,2004814,2004814,223366840,223366840,0,223366840,0,0,W,0,0,0,0,0,0,0,0
ndpi_stat,3,2,5,2004856,2004860,223366931,223366931,0,223366931,0,0,W,0,0,0,38803,0,0,0,0
payload_scan,4,4,6,2006319,2006318,223368430,223368429,0,223368429,0,0,W,0,0,0,0,0,0,0,0
bridge,5,5,7,2006288,2006288,223368452,223368452,223368452,0,0,0,W,0,0,0,0,0,0,0,0
firewall,1,1,3,2002674,2002673,225408324,225369516,0,225408319,0,0,W,0,0,0,286315,38803,0,0,0
router,2,3,4,2002800,2002800,225369731,225369731,0,225369731,0,0,W,0,0,0,0,0,0,0,0
ndpi_stat,3,2,5,2001348,2001341,225369778,225369771,0,225369777,0,0,W,0,0,0,38803,0,0,0,0
payload_scan,4,4,6,2001355,2001353,225369807,225369805,0,225369807,0,0,W,0,0,0,0,0,0,0,0
bridge,5,5,7,2001395,2001383,225369863,225369851,225369863,0,0,0,W,0,0,0,0,0,0,0,0
firewall,1,1,3,2004252,2004252,227412791,227373988,0,227412791,0,0,W,0,0,0,286315,38803,0,0,0
router,2,3,4,2004397,2004397,227374168,227374168,0,227374168,0,0,W,0,0,0,0,0,0,0,0
ndpi_stat,3,2,5,2004406,2004414,227374221,227374221,0,227374221,0,0,W,0,0,0,38803,0,0,0,0
payload_scan,4,4,6,2004373,2004373,227374236,227374236,0,227374236,0,0,W,0,0,0,0,0,0,0,0
bridge,5,5,7,2004366,2004366,227374291,227374291,227374291,0,0,0,W,0,0,0,0,0,0,0,0
firewall,1,1,3,2678142,2678142,230091113,230052310,0,230091113,0,0,W,0,0,0,286315,38803,0,0,0
router,2,3,4,2678202,2678194,230052423,230052415,0,230052415,0,0,W,0,0,0,0,0,0,0,0
ndpi_stat,3,2,5,2678236,2678240,230052487,230052487,0,230052487,0,0,W,0,0,0,38803,0,0,0,0
payload_scan,4,4,6,2678227,2678228,230052519,230052519,0,230052519,0,0,W,0,0,0,0,0,0,0,0
bridge,5,5,7,2678271,2678271,230052583,230052583,230052583,0,0,0,W,0,0,0,0,0,0,0,0
firewall,1,1,3,3016220,3016220,233107446,233068643,0,233107446,0,0,W,0,0,0,286315,38803,0,0,0
router,2,3,4,3016260,3016248,233068747,233068731,0,233068731,0,0,W,0,0,0,0,0,0,0,0
ndpi_stat,3,2,5,3016292,3016296,233068831,233068815,0,233068831,0,0,W,0,0,0,38803,0,0,0,0
payload_scan,4,4,6,3016280,3016276,233068863,233068859,0,233068863,0,0,W,0,0,0,0,0,0,0,0
bridge,5,5,7,3016304,3016304,233068935,233068935,233068935,0,0,0,W,0,0,0,0,0,0,0,0
firewall,1,1,3,3020808,3020804,236128366,236089559,0,236128362,0,0,W,0,0,0,286315,38803,0,0,0
router,2,3,4,3020888,3020884,236089703,236089699,0,236089699,0,0,W,0,0,0,0,0,0,0,0
ndpi_stat,3,2,5,3020908,3020904,236089771,236089767,0,236089767,0,0,W,0,0,0,38803,0,0,0,0
payload_scan,4,4,6,3020876,3020876,236089811,236089811,0,236089811,0,0,W,0,0,0,0,0,0,0,0
bridge,5,5,7,3020912,3020912,236089879,236089879,236089879,0,0,0,W,0,0,0,0,0,0,0,0
firewall,1,1,3,3016148,3016152,239144658,239105855,0,239144658,0,0,W,0,0,0,286315,38803,0,0,0
router,2,3,4,3016200,3016200,239105967,239105967,0,239105967,0,0,W,0,0,0,0,0,0,0,0
ndpi_stat,3,2,5,3016268,3016268,239106079,239106079,0,239106079,0,0,W,0,0,0,38803,0,0,0,0
payload_scan,4,4,6,3016264,3016264,239106143,239106143,0,239106143,0,0,W,0,0,0,0,0,0,0,0
bridge,5,5,7,3016244,3016264,239106175,239106175,239106175,0,0,0,W,0,0,0,0,0,0,0,0
firewall,1,1,3,3017484,3017492,242162266,242123463,0,242162266,0,0,W,0,0,0,286315,38803,0,0,0
router,2,3,4,3017516,3017516,242123595,242123595,0,242123595,0,0,W,0,0,0,0,0,0,0,0
ndpi_stat,3,2,5,3017520,3017512,242123667,242123659,0,242123659,0,0,W,0,0,0,38803,0,0,0,0
payload_scan,4,4,6,3017536,3017532,242123711,242123707,0,242123711,0,0,W,0,0,0,0,0,0,0,0
bridge,5,5,7,3017516,3017516,242123771,242123771,242123771,0,0,0,W,0,0,0,0,0,0,0,0
firewall,1,1,3,3020190,3020198,245182596,245143793,0,245182596,0,0,W,0,0,0,286315,38803,0,0,0
router,2,3,4,3020256,3020246,245143915,245143905,0,245143905,0,0,W,0,0,0,0,0,0,0,0
ndpi_stat,3,2,5,3020246,3020256,245143969,245143967,0,245143967,0,0,W,0,0,0,38803,0,0,0,0
payload_scan,4,4,6,3020250,3020248,245144021,245144019,0,245144019,0,0,W,0,0,0,0,0,0,0,0
bridge,5,5,7,3020228,3020228,245144047,245144047,245144047,0,0,0,W,0,0,0,0,0,0,0,0
firewall,1,1,3,3016790,3016804,248199530,248160727,0,248199530,0,0,W,0,0,0,286315,38803,0,0,0
router,2,3,4,3016896,3016896,248160863,248160863,0,248160863,0,0,W,0,0,0,0,0,0,0,0
ndpi_stat,3,2,5,3016922,3016914,248160943,248160935,0,248160935,0,0,W,0,0,0,38803,0,0,0,0
payload_scan,4,4,6,3016919,3016928,248160975,248160975,0,248160975,0,0